Year,Day,Hour,Solar,Rain,Wind,Tair,Tsoil,D,Jmax_optional,Vmax_optional,Lai_optional,Swc_optional
1971,145,0,0,0,0.789821507,4.883015213,4.883015213,0.125716286,,,,
1971,145,1,0,0,1.803224292,5.469387786,5.469387786,0.069608471,,,,
1971,145,2,0,0,2.470580801,9.008109671,9.008109671,0.162659316,,,,
1971,145,3,0,0,1.706853223,8.423978066,8.423978066,0.105329375,,,,
1971,145,4,0,0,1.272665094,4.725049525,4.725049525,0,,,,
1971,145,5,0,0,1.487570661,4.613625254,4.613625254,0.055598954,,,,
1971,145,6,70.15960648,0,1.186237596,6.89073211,6.89073211,0.310008991,,,,
1971,145,7,234.3942228,0,3.370421248,8.141781226,8.141781226,0.453902911,,,,
1971,145,8,425.9518702,0,3.042165291,11.82365314,11.82365314,0.523174461,,,,
1971,145,9,622.1812004,0,2.652544001,12.16215197,12.16215197,0.78912731,,,,
1971,145,10,782.7888211,0,4.169327581,14.89531352,14.89531352,1.090464023,,,,
1971,145,11,664.5176392,0,3.338403837,18.99429738,18.99429738,1.614573692,,,,
1971,145,12,550.2313232,0,3.415616491,19.62908372,19.62908372,1.639901446,,,,
1971,145,13,949.1682129,0,7.751453079,20.00243146,20.00243146,1.603484216,,,,
1971,145,14,889.2431802,0,6.698841977,17.14852681,17.14852681,1.040924392,,,,
1971,145,15,778.7837637,0,6.621580849,16.01501965,16.01501965,0.872589153,,,,
1971,145,16,623.0517227,0,7.869837282,14.43503945,14.43503945,0.653633371,,,,
1971,145,17,65.95772638,0,6.37734273,11.97298966,11.97298966,0.4050185,,,,
1971,145,18,39.97127974,0,5.02390511,9.606828944,9.606828944,0.151478747,,,,
1971,145,19,74.1775589,0,4.045363501,8.205496958,8.205496958,0.179661712,,,,
1971,145,20,0,0,3.150972846,5.901675187,5.901675187,0.175560983,,,,
1971,145,21,0,0,3.933338224,6.260896985,6.260896985,0.335226005,,,,
1971,145,22,0,0,2.784087736,4.626665233,4.626665233,0.20753404,,,,
1971,145,23,0,0,2.317325722,2.693401229,2.693401229,0.18879108,,,,
1971,146,0,0,0,2.652324618,1.833493944,1.833493944,0.262439069,,,,
1971,146,1,0,0,1.768716091,0.896521772,0.896521772,0.132196775,,,,
1971,146,2,0,0,1.182011287,2.124081496,2.124081496,0.19242659,,,,
1971,146,3,0,0,0.627705979,3.419424775,3.419424775,0.115381902,,,,
1971,146,4,0,0,1.644034811,3.873522548,3.873522548,0.135902053,,,,
1971,146,5,0,0,3.743859532,4.912335104,4.912335104,0.177994269,,,,
1971,146,6,37.51549006,0,2.696985914,6.943462368,6.943462368,0.120499615,,,,
1971,146,7,155.5262375,0,3.019512091,10.63271598,10.63271598,0.355310965,,,,
1971,146,8,422.3032837,0,2.482898764,13.53226731,13.53226731,0.549298693,,,,
1971,146,9,565.3936768,0,2.244096904,15.75939239,15.75939239,0.931699114,,,,
1971,146,10,761.952713,0,7.129857116,15.24675024,15.24675024,1.061107838,,,,
1971,146,11,424.5696564,0,5.491208585,17.25674157,17.25674157,1.589425042,,,,
1971,146,12,248.3385468,0,4.140364921,16.6605559,16.6605559,1.490659074,,,,
1971,146,13,307.1482544,0,3.337566205,16.07739634,16.07739634,1.123953733,,,,
1971,146,14,619.2791748,0,2.757276013,16.72058089,16.72058089,1.163681087,,,,
1971,146,15,746.9499512,0,2.424011818,13.40957762,13.40957762,0.780019261,,,,
1971,146,16,124.980381,0,4.712103288,12.38797448,12.38797448,0.768645982,,,,
1971,146,17,438.9562531,0,4.214076685,12.38158564,12.38158564,0.514131761,,,,
1971,146,18,41.02583043,0,2.890632176,10.98289526,10.98289526,0.448291368,,,,
1971,146,19,15.44439423,0,1.939334686,9.768812603,9.768812603,0.429653274,,,,
1971,146,20,0,0,2.246091774,9.545445479,9.545445479,0.428723722,,,,
1971,146,21,0,0,1.509924079,9.016920629,9.016920629,0.325850963,,,,
1971,146,22,0,0,1.548867972,6.562855693,6.562855693,0.19130089,,,,
1971,146,23,0,0,2.375107331,7.06667512,7.06667512,0.22833215,,,,
1971,147,0,0,0,2.544311474,6.054676804,6.054676804,0.159051144,,,,
1971,147,1,0,0,1.6477838,4.013352632,4.013352632,0.254976311,,,,
1971,147,2,0,0,3.637421347,5.646828747,5.646828747,0.331267827,,,,
1971,147,3,0,0,4.642793095,5.022356184,5.022356184,0.249137657,,,,
1971,147,4,0,0,3.384782362,5.357027172,5.357027172,0.355194557,,,,
1971,147,5,0,0,2.368198906,6.288859887,6.288859887,0.495719301,,,,
1971,147,6,72.53556354,0,2.57418115,7.663472177,7.663472177,0.312090864,,,,
1971,147,7,238.4303941,0,3.16885037,8.527875307,8.527875307,0.511616246,,,,
1971,147,8,439.9152079,0,2.589182021,11.06892621,11.06892621,0.822134632,,,,
1971,147,9,634.9321734,0,2.725484604,15.62386619,15.62386619,1.358969982,,,,
1971,147,10,797.8387361,0,2.334473386,17.44286724,17.44286724,1.60875366,,,,
1971,147,11,921.4816971,0,2.106094914,20.55920366,20.55920366,2.132333874,,,,
1971,147,12,969.1425964,0,2.263182413,15.0435801,15.0435801,1.2653513,,,,
1971,147,13,518.8085175,0,2.746079132,14.49525554,14.49525554,1.203780747,,,,
1971,147,14,885.1595459,0,4.826715361,16.98142261,16.98142261,1.412730399,,,,
1971,147,15,331.6595764,0,4.31016512,13.9942068,13.9942068,1.07097438,,,,
1971,147,16,456.7953339,0,3.226561596,8.841699991,8.841699991,0.666607071,,,,
1971,147,17,409.0174408,0,2.194238989,7.782458955,7.782458955,0.668667504,,,,
1971,147,18,129.1969452,0,3.269670512,6.096030924,6.096030924,0.371850426,,,,
1971,147,19,16.0949218,0,2.022449258,6.357570422,6.357570422,0.31167706,,,,
1971,147,20,0,0,1.160909113,5.196307103,5.196307103,0.240387051,,,,
1971,147,21,0,0,1.441992469,3.01300523,3.01300523,0.093130824,,,,
1971,147,22,0,0,0.7704332,2.643624225,2.643624225,0.00427882,,,,
1971,147,23,0,0,0.612839749,1.469363904,1.469363904,0,,,,
1971,148,0,0,0,0.110871679,1.227133125,1.227133125,0.013348605,,,,
1971,148,1,0,0,1.10835591,-0.7773732,-0.7773732,0.256371364,,,,
1971,148,2,0,0,0.595874515,3.44865573,3.44865573,0.332741852,,,,
1971,148,3,0,0,5.27249328,3.924198141,3.924198141,0.478621813,,,,
1971,148,4,0,0,4.056210747,4.98546671,4.98546671,0.435397245,,,,
1971,148,5,0,0,3.365572631,4.219301291,4.219301291,0.246990036,,,,
1971,148,6,45.25206375,0,3.473421056,7.983907174,7.983907174,0.399012471,,,,
1971,148,7,217.7034912,0,2.645897644,15.44485152,15.44485152,0.950894866,,,,
1971,148,8,381.5787811,0,2.195101772,14.77601631,14.77601631,0.804517431,,,,
1971,148,9,177.3097,0,1.528698235,16.44228849,16.44228849,1.100446453,,,,
1971,148,10,499.2498474,0,2.272557988,21.85488683,21.85488683,2.138085682,,,,
1971,148,11,802.8294983,0,2.379044679,21.63565329,21.63565329,2.090655824,,,,
1971,148,12,961.4208374,0,2.682697177,16.80791058,16.80791058,1.392596008,,,,
1971,148,13,970.9689435,0,2.383061112,18.40603716,18.40603716,1.654429145,,,,
1971,148,14,901.4561768,0,8.169298394,14.60785974,14.60785974,1.046772143,,,,
1971,148,15,796.7271293,0,6.503903632,11.7580495,11.7580495,0.777079498,,,,
1971,148,16,643.9600941,0,6.98552754,11.50158188,11.50158188,0.82610069,,,,
1971,148,17,457.8888767,0,5.823304604,7.541903965,7.541903965,0.574779202,,,,
1971,148,18,256.6883392,0,4.351316627,8.403104036,8.403104036,0.617351622,,,,
1971,148,19,85.5716114,0,4.007794542,9.193005887,9.193005887,0.61705741,,,,
1971,148,20,0,0,2.819878817,7.052603074,7.052603074,0.462027824,,,,
1971,148,21,0,0,3.008036243,6.387217831,6.387217831,0.271520836,,,,
1971,148,22,0,0,2.882674858,5.178503741,5.178503741,0.555283365,,,,
1971,148,23,0,0,1.967436888,5.5578827,5.5578827,0.689314621,,,,
1971,149,0,0,0,1.580171058,3.458336918,3.458336918,0.483370483,,,,
1971,149,1,0,0,0.986573567,4.77644867,4.77644867,0.415094782,,,,
1971,149,2,0,0,3.782497973,3.994001001,3.994001001,0.384946735,,,,
1971,149,3,0,0,3.702798286,4.654886566,4.654886566,0.370536071,,,,
1971,149,4,0,0,4.131933169,3.052015112,3.052015112,0.165542223,,,,
1971,149,5,0,0,3.618458759,4.810927758,4.810927758,0.341417685,,,,
1971,149,6,13.93725543,0,4.070837366,10.60741106,10.60741106,0.551340067,,,,
1971,149,7,129.0618515,0,3.086576886,13.82787952,13.82787952,0.751093532,,,,
1971,149,8,252.6968079,0,2.358570588,18.00452422,18.00452422,1.171341543,,,,
1971,149,9,135.4354706,0,2.637732137,18.17742763,18.17742763,1.214604424,,,,
1971,149,10,692.717865,0,2.321756437,18.32395599,18.32395599,1.198756261,,,,
1971,149,11,854.5238342,0,2.169157697,20.33990472,20.33990472,1.669255013,,,,
1971,149,12,575.2432556,0,1.893406848,18.96974635,18.96974635,1.47671147,,,,
1971,149,13,948.3225403,0,2.480162154,16.37463786,16.37463786,1.035943789,,,,
1971,149,14,905.2699461,0,8.443391689,15.62993235,15.62993235,1.125593948,,,,
1971,149,15,785.7101288,0,10.43459414,12.37750089,12.37750089,0.620838703,,,,
1971,149,16,631.4098053,0,10.76072202,8.845624412,8.845624412,0.299214444,,,,
1971,149,17,100.8905849,0,7.951065786,4.704090294,4.704090294,0.158871467,,,,
1971,149,18,254.2111664,0,6.517144796,3.39434901,3.39434901,0.028316203,,,,
1971,149,19,86.1299063,0,5.099421123,0.145151357,0.145151357,0.041828612,,,,
1971,149,20,0,0,4.964280544,0.107064571,0.107064571,0,,,,
1971,149,21,0,0,4.603758881,-1.471023302,-1.471023302,0,,,,
1971,149,22,0,0,3.372852547,-2.185120819,-2.185120819,0,,,,
1971,149,23,0,0,3.061272681,-1.586824932,-1.586824932,0,,,,
1971,150,0,0,0,3.436952335,1.744608681,1.744608681,0,,,,
1971,150,1,0,3.182953477,4.485086868,0.951995449,0.951995449,0,,,,
1971,150,2,0,9.806012351,4.08800662,-0.811967898,-0.811967898,0,,,,
1971,150,3,0,2.452111597,3.928634232,-0.85939625,-0.85939625,0.008509099,,,,
1971,150,4,0,0,2.805358656,3.466397521,3.466397521,0.027351638,,,,
1971,150,5,0,0.160586985,1.862365165,3.546721779,3.546721779,0,,,,
1971,150,6,13.25167981,0,2.296002829,4.950777922,4.950777922,0,,,,
1971,150,7,39.45195243,0,1.640824788,5.182515377,5.182515377,0,,,,
1971,150,8,64.97791225,0,1.00121896,9.760019702,9.760019702,0.043003755,,,,
1971,150,9,452.7927551,0,1.031405279,12.18034175,12.18034175,0.296217276,,,,
1971,150,10,765.3769226,0,1.151624122,13.83925304,13.83925304,0.513005719,,,,
1971,150,11,115.9804806,0,0.581270443,12.23424134,12.23424134,0.507229457,,,,
1971,150,12,121.7333747,0,0.858694962,10.31376989,10.31376989,0.256304177,,,,
1971,150,13,122.2504046,0,0.13716793,8.361603238,8.361603238,0.190827439,,,,
1971,150,14,118.4797549,0,0.493084461,8.384470388,8.384470388,0.254902891,,,,
1971,150,15,171.6038437,0,2.433800382,7.461679776,7.461679776,0.280872509,,,,
1971,150,16,89.11669922,2.959818605,1.647425598,9.386259973,9.386259973,0.395261202,,,,
1971,150,17,241.303894,0,1.094947342,10.8464242,10.8464242,0.484621068,,,,
1971,150,18,183.7747192,0,1.326072818,12.63885613,12.63885613,0.537342732,,,,
1971,150,19,63.33986378,0,0.536931608,10.9513392,10.9513392,0.447600684,,,,
1971,150,20,0,0,1.439644018,11.15195262,11.15195262,0.509591363,,,,
1971,150,21,0,0,2.912562085,8.40531656,8.40531656,0.175300104,,,,
1971,150,22,0,0,2.18438226,8.462869397,8.462869397,0.299160531,,,,
1971,150,23,0,0,1.678424896,7.260158064,7.260158064,0.183850232,,,,
1971,151,0,0,0,5.006817685,7.100847343,7.100847343,0.134102287,,,,
1971,151,1,0,0,5.584229754,5.748734784,5.748734784,0.176844724,,,,
1971,151,2,0,0,5.005818942,6.504853929,6.504853929,0.099218326,,,,
1971,151,3,0,0,3.685215924,5.285259703,5.285259703,0.212815661,,,,
1971,151,4,0,0,3.332463864,7.625074216,7.625074216,0.344315497,,,,
1971,151,5,0,0,3.448609104,9.371979101,9.371979101,0.265670978,,,,
1971,151,6,68.43617058,0,3.326589389,11.1356102,11.1356102,0.395674046,,,,
1971,151,7,239.340332,0,2.899168935,13.55495812,13.55495812,0.577540787,,,,
1971,151,8,436.0499975,0,2.405460951,14.7772307,14.7772307,0.863174028,,,,
1971,151,9,538.1959229,0,2.139392709,18.97440328,18.97440328,1.660373421,,,,
1971,151,10,785.4818549,0,2.647537092,16.64823773,16.64823773,1.20932794,,,,
1971,151,11,770.486969,0,5.037926325,15.89132359,15.89132359,1.059860789,,,,
1971,151,12,940.6861877,0,5.029518509,16.80830343,16.80830343,1.176007396,,,,
1971,151,13,968.1683478,0,4.126709913,17.53956785,17.53956785,1.46347251,,,,
1971,151,14,925.159757,0,4.522186498,18.5560509,18.5560509,1.775305048,,,,
1971,151,15,797.9698029,0,4.957414531,14.64739405,14.64739405,1.081680645,,,,
1971,151,16,131.4198933,0,3.272767847,12.88752447,12.88752447,0.88513157,,,,
1971,151,17,324.500061,0,4.865956591,12.85236162,12.85236162,0.832186244,,,,
1971,151,18,203.5374985,0,3.517826529,11.8288897,11.8288897,0.779906766,,,,
1971,151,19,67.79896832,0,3.576944432,11.32521208,11.32521208,0.613275556,,,,
1971,151,20,0,0,2.489080955,11.01927353,11.01927353,0.474516596,,,,
1971,151,21,0,0,1.929017924,10.46627772,10.46627772,0.392154775,,,,
1971,151,22,0,0,1.177071823,9.866868188,9.866868188,0.430505859,,,,
1971,151,23,0,0,0.864852242,10.51375256,10.51375256,0.407500753,,,,
1971,152,0,0,0,0.52130056,10.3131867,10.3131867,0.415343175,,,,
1971,152,1,0,0,0.817347906,9.82500278,9.82500278,0.423729534,,,,
1971,152,2,0,0,0.300504084,9.963259306,9.963259306,0.537515508,,,,
1971,152,3,0,0,0.01,10.80299664,10.80299664,0.656376013,,,,
1971,152,4,0,0,0.01,8.912900973,8.912900973,0.531668721,,,,
1971,152,5,0,0,0.01,9.712155081,9.712155081,0.640198189,,,,
1971,152,6,77.74767178,0,0.01,13.83038179,13.83038179,0.718509325,,,,
1971,152,7,241.1341349,0,0.01,17.46539592,17.46539592,1.105949787,,,,
1971,152,8,302.6266174,0,1.410667101,17.01568404,17.01568404,1.110306622,,,,
1971,152,9,531.5791931,0,5.451485017,20.63390051,20.63390051,1.592383405,,,,
1971,152,10,781.802124,0,4.976042573,22.1697756,22.1697756,1.93938064,,,,
1971,152,11,852.713623,0,7.00799466,24.92026888,24.92026888,2.626812201,,,,
1971,152,12,746.7684021,0,5.608925828,22.79205049,22.79205049,2.251829823,,,,
1971,152,13,137.406312,0,4.906239395,21.89259525,21.89259525,2.024639227,,,,
1971,152,14,660.4414978,0,6.072780748,24.53572136,24.53572136,2.755102619,,,,
1971,152,15,729.724823,0,4.997285456,21.60861239,21.60861239,2.164823378,,,,
1971,152,16,651.8944669,0,5.044817561,19.42714325,19.42714325,1.792325516,,,,
1971,152,17,425.279892,0,8.067704533,17.00770834,17.00770834,1.484146877,,,,
1971,152,18,262.4701538,0,6.897708354,17.88131162,17.88131162,1.504743283,,,,
1971,152,19,16.41082092,0,4.915362325,15.34814631,15.34814631,1.063980269,,,,
1971,152,20,0,0,4.011915045,16.67849417,16.67849417,1.195773525,,,,
1971,152,21,0,0,2.81354,15.8655732,15.8655732,1.033889127,,,,
1971,152,22,0,0,2.114994849,13.74511458,13.74511458,0.874408552,,,,
1971,152,23,0,0,3.708295463,12.01277171,12.01277171,0.81550191,,,,
1971,153,0,0,0,4.666201943,10.82858481,10.82858481,0.804415623,,,,
1971,153,1,0,0,3.871425121,11.22771663,11.22771663,0.815950164,,,,
1971,153,2,0,0,2.721662852,10.95079112,10.95079112,0.778198176,,,,
1971,153,3,0,0,1.960352406,9.473190629,9.473190629,0.78855264,,,,
1971,153,4,0,0,4.497854052,8.249047216,8.249047216,0.656179575,,,,
1971,153,5,0,0,3.552985197,7.648530425,7.648530425,0.803307919,,,,
1971,153,6,83.27829552,0,2.865212113,9.961323222,9.961323222,0.832330155,,,,
1971,153,7,251.7523676,0,4.022611933,14.62173641,14.62173641,1.253318189,,,,
1971,153,8,450.1329078,0,3.313902173,16.68351339,16.68351339,1.451300262,,,,
1971,153,9,656.3601379,0,4.494940417,22.31855429,22.31855429,2.499433754,,,,
1971,153,10,556.4870605,0,3.617909178,22.46260028,22.46260028,2.497907819,,,,
1971,153,11,539.2251587,0,2.743135156,22.37969727,22.37969727,2.304071875,,,,
1971,153,12,891.4562378,0,3.257764109,23.63416413,23.63416413,2.667109827,,,,
1971,153,13,986.9208445,0,2.893900678,23.85997746,23.85997746,2.648428617,,,,
1971,153,14,961.4167211,0,3.966963076,25.59159605,25.59159605,3.189703604,,,,
1971,153,15,895.8869669,0,3.225548679,26.49014288,26.49014288,3.45907351,,,,
1971,153,16,92.22785556,0,1.720364974,21.51556462,21.51556462,1.990065052,,,,
1971,153,17,453.0391846,0,0.962487452,18.7402991,18.7402991,1.37043043,,,,
1971,153,18,260.5872345,0,0.51751852,16.15725991,16.15725991,1.084980485,,,,
1971,153,19,89.62915111,0,0.103515576,16.86455672,16.86455672,1.179847798,,,,
1971,153,20,0,0,0.01,11.82190843,11.82190843,0.718070481,,,,
1971,153,21,0,0,0.01,11.71539311,11.71539311,0.737471427,,,,
1971,153,22,0,0,0.01,9.215569991,9.215569991,0.607928781,,,,
1971,153,23,0,0,0.01,11.3613599,11.3613599,0.638818551,,,,
1971,154,0,0,0,0.01,13.38890012,13.38890012,0.625955722,,,,
1971,154,1,0,0,0.01,15.41854039,15.41854039,0.739128027,,,,
1971,154,2,0,0,0.147991707,15.2618314,15.2618314,0.825725063,,,,
1971,154,3,0,0,0.01,11.49455844,11.49455844,0.424379136,,,,
1971,154,4,0,0,0.222479811,14.81924823,14.81924823,0.478645171,,,,
1971,154,5,0,0,0.270586907,19.00989865,19.00989865,0.986242965,,,,
1971,154,6,79.34451556,0,0.01,25.33198434,25.33198434,2.285603564,,,,
1971,154,7,176.3982315,0,1.03337717,26.55958347,26.55958347,2.715509939,,,,
1971,154,8,466.5377045,0,1.734525364,29.41245087,29.41245087,3.949942138,,,,
1971,154,9,713.6788817,0,1.673693897,31.27135094,31.27135094,4.561463027,,,,
1971,154,10,885.4979679,0,1.623984478,33.71451862,33.71451862,5.234290164,,,,
1971,154,11,1007.96266,0,1.497068116,32.64400652,32.64400652,4.929571224,,,,
1971,154,12,1009.119232,0,1.439683285,33.90324004,33.90324004,5.289669983,,,,
1971,154,13,443.3942108,0,3.109931266,31.31425397,31.31425397,4.572596173,,,,
1971,154,14,956.1836548,0,3.318599165,30.56925624,30.56925624,4.382589226,,,,
1971,154,15,601.6652985,0,2.675250332,29.41334716,29.41334716,4.101361875,,,,
1971,154,16,208.0492859,0,2.447300486,26.45964367,26.45964367,3.279197336,,,,
1971,154,17,69.79077245,0,1.668076963,23.2451045,23.2451045,2.424753761,,,,
1971,154,18,44.5495987,0,0.959995372,24.12092178,24.12092178,2.76569836,,,,
1971,154,19,27.36861444,0,0.506383006,23.64352663,23.64352663,2.687056208,,,,
1971,154,20,0,0,2.024844114,23.19694704,23.19694704,2.632764443,,,,
1971,154,21,0,0,1.590211618,19.25556978,19.25556978,1.736664305,,,,
1971,154,22,0,0,1.06835575,16.01381096,16.01381096,1.210284023,,,,
1971,154,23,0,0,2.626917065,13.50373091,13.50373091,0.924942186,,,,
1971,155,0,0,0,1.813592225,11.2022189,11.2022189,0.709242184,,,,
1971,155,1,0,0,1.090971182,8.052716097,8.052716097,0.569343436,,,,
1971,155,2,0,0,0.499123478,7.548763388,7.548763388,0.549168927,,,,
1971,155,3,0,0,1.322859235,10.1246549,10.1246549,0.558920388,,,,
1971,155,4,0,0,1.105529827,8.930207299,8.930207299,0.326594258,,,,
1971,155,5,0,0,0.513136985,8.754290963,8.754290963,0.287088773,,,,
1971,155,6,31.65888977,0,0.511366592,10.35757043,10.35757043,0.556798119,,,,
1971,155,7,51.83661461,0,1.773579693,11.96050831,11.96050831,0.846537941,,,,
1971,155,8,92.74276924,0,1.164963827,17.08323564,17.08323564,1.388436002,,,,
1971,155,9,89.24911779,0,1.755524719,23.34819974,23.34819974,2.332456084,,,,
1971,155,10,808.4707794,0,5.444896803,25.25437713,25.25437713,2.906967918,,,,
1971,155,11,927.5155945,0,4.906647788,25.09521725,25.09521725,3.021512559,,,,
1971,155,12,1000.167983,0,4.312008343,25.56885836,25.56885836,3.090290827,,,,
1971,155,13,1023.792725,0,4.166852411,28.01629902,28.01629902,3.719711391,,,,
1971,155,14,1015.634518,0,3.386913968,30.80334057,30.80334057,4.441537487,,,,
1971,155,15,897.5083623,0,2.612315638,31.58780068,31.58780068,4.644136993,,,,
1971,155,16,668.9995201,0,1.766255399,26.87876196,26.87876196,3.291641355,,,,
1971,155,17,458.5300896,0,1.52712944,20.76870182,20.76870182,1.74102343,,,,
1971,155,18,259.5009639,0,1.654286721,19.07421898,19.07421898,1.335208611,,,,
1971,155,19,92.4699688,0,1.096136302,20.478901,20.478901,1.603120495,,,,
1971,155,20,0,0,0.50063457,14.91511527,14.91511527,0.879250639,,,,
1971,155,21,0,0,0.051753142,9.989808309,9.989808309,0.481764731,,,,
1971,155,22,0,0,1.418387707,10.12723241,10.12723241,0.388087202,,,,
1971,155,23,0,0,1.42464985,7.417113223,7.417113223,0.360881423,,,,
1971,156,0,0,0,1.40660666,5.751890598,5.751890598,0.34896152,,,,
1971,156,1,0,0,1.181481694,6.961397095,6.961397095,0.502151603,,,,
1971,156,2,0,0,1.171919347,7.35252906,7.35252906,0.301575096,,,,
1971,156,3,0,0,0.683676535,5.560699288,5.560699288,0.36100669,,,,
1971,156,4,0,0,0.558299048,4.929641101,4.929641101,0.289340194,,,,
1971,156,5,0,0,0.552859031,8.345189733,8.345189733,0.207140123,,,,
1971,156,6,14.22480383,0,0.246508837,11.01362973,11.01362973,0.327937842,,,,
1971,156,7,40.38929258,0,2.451106883,9.23086919,9.23086919,0.240605784,,,,
1971,156,8,315.0346375,0,3.260803544,11.76787704,11.76787704,0.27730377,,,,
1971,156,9,619.9233398,0,2.86569152,13.46284715,13.46284715,0.54066119,,,,
1971,156,10,773.6442781,0,2.713085141,17.30749765,17.30749765,0.886001696,,,,
1971,156,11,884.4943963,0,2.517284181,16.22186459,16.22186459,0.753967,,,,
1971,156,12,940.9310225,0,2.276425197,17.10441285,17.10441285,0.819178056,,,,
1971,156,13,127.8869019,0,1.999843023,14.19507668,14.19507668,0.648139126,,,,
1971,156,14,117.3682018,0,0.815892287,14.09198021,14.09198021,0.501383383,,,,
1971,156,15,614.277832,0,0.51923792,14.59893781,14.59893781,0.642695859,,,,
1971,156,16,637.3586836,0,0.816072986,12.16362894,12.16362894,0.492618122,,,,
1971,156,17,453.5869643,0,0.48235598,10.49308289,10.49308289,0.33565554,,,,
1971,156,18,259.6416827,0,0.01,9.501779735,9.501779735,0.256001658,,,,
1971,156,19,34.26819181,0,1.839816417,10.50649007,10.50649007,0.150711682,,,,
1971,156,20,0,0,1.760409078,10.2798936,10.2798936,0.28535701,,,,
1971,156,21,0,0,0.993221444,9.840715176,9.840715176,0.145588159,,,,
1971,156,22,0,0,1.120687764,6.636054548,6.636054548,0.166631125,,,,
1971,156,23,0,0,0.962192103,7.647150819,7.647150819,0.406807163,,,,
1971,157,0,0,0,1.194501129,7.449342675,7.449342675,0.585901707,,,,
1971,157,1,0,0,0.583849951,8.453526244,8.453526244,0.661324134,,,,
1971,157,2,0,0,0.080821732,8.163496481,8.163496481,0.582060111,,,,
1971,157,3,0,0,0.01,9.34757129,9.34757129,0.66042866,,,,
1971,157,4,0,0,0.01,8.05701002,8.05701002,0.441974664,,,,
1971,157,5,0,0,0.01,11.13852083,11.13852083,0.591468135,,,,
1971,157,6,21.48516023,0,0.01,11.96403234,11.96403234,0.661070049,,,,
1971,157,7,54.0249815,0,0.01,12.13566948,12.13566948,0.58222335,,,,
1971,157,8,101.1351547,0,0.01,14.78064891,14.78064891,0.885885277,,,,
1971,157,9,626.7831421,0,0.742973834,20.05624104,20.05624104,1.53525724,,,,
1971,157,10,789.5236468,0,2.14041351,21.62600872,21.62600872,1.886220108,,,,
1971,157,11,903.0854814,0,2.62623365,21.93956409,21.93956409,1.960804458,,,,
1971,157,12,960.6804819,0,2.490535883,20.88933103,20.88933103,1.771702412,,,,
1971,157,13,962.5750758,0,4.348126373,23.38388494,23.38388494,2.171553625,,,,
1971,157,14,899.7224342,0,4.756537831,19.25339912,19.25339912,1.345935143,,,,
1971,157,15,719.434845,0,3.609253472,20.17734398,20.17734398,1.362966298,,,,
1971,157,16,251.5499954,0,3.296273619,17.8510048,17.8510048,1.080517362,,,,
1971,157,17,255.2891083,0,2.894859167,17.67768489,17.67768489,1.082077077,,,,
1971,157,18,195.2730103,0,1.980954372,16.55740396,16.55740396,0.915892687,,,,
1971,157,19,93.12201691,0,6.353553027,15.45332591,15.45332591,0.821370325,,,,
1971,157,20,0,0,5.966886259,16.02982513,16.02982513,0.951599813,,,,
1971,157,21,0,0,4.899930322,16.4994894,16.4994894,0.87577928,,,,
1971,157,22,0,0,4.30740929,12.24195211,12.24195211,0.32110368,,,,
1971,157,23,0,0,3.359293122,12.07995769,12.07995769,0.233526957,,,,
1971,158,0,0,0,2.195590942,9.359888931,9.359888931,0.329204005,,,,
1971,158,1,0,0,1.452386088,7.393190884,7.393190884,0.143581874,,,,
1971,158,2,0,0,1.925796204,4.55953124,4.55953124,0.122337382,,,,
1971,158,3,0,0,3.627494014,5.007590252,5.007590252,0.395405993,,,,
1971,158,4,0,0,2.702367894,6.299322747,6.299322747,0.510958041,,,,
1971,158,5,0,0,1.855417958,5.130472088,5.130472088,0.435511066,,,,
1971,158,6,38.16766739,0,2.33454459,8.89786829,8.89786829,0.341708029,,,,
1971,158,7,136.0976448,0,1.641116587,9.222107453,9.222107453,0.278467041,,,,
1971,158,8,414.351532,0,1.845378869,14.56441403,14.56441403,0.629594478,,,,
1971,158,9,267.7915344,0,3.951406593,16.75056227,16.75056227,0.804458574,,,,
1971,158,10,770.5376129,0,4.335150122,17.49186121,17.49186121,0.862898292,,,,
1971,158,11,883.3846788,0,5.669867177,17.61556853,17.61556853,0.869788783,,,,
1971,158,12,933.8939819,0,5.051626089,18.37931114,18.37931114,1.116379231,,,,
1971,158,13,900.6384277,0,4.191906523,16.83490753,16.83490753,0.930535348,,,,
1971,158,14,644.892868,0,3.648768169,18.54145598,18.54145598,1.075543663,,,,
1971,158,15,223.7872772,0,2.724635443,17.10706071,17.10706071,0.711827378,,,,
1971,158,16,551.1941528,0,2.970298426,16.48251736,16.48251736,0.586075345,,,,
1971,158,17,429.337265,0,2.919139042,15.33483902,15.33483902,0.459016576,,,,
1971,158,18,255.13517,0,2.226687542,12.06559923,12.06559923,0.056896788,,,,
1971,158,19,66.91308212,0,1.22243781,9.0420776,9.0420776,0.074020538,,,,
1971,158,20,0,0,3.072031812,7.38107108,7.38107108,0.000349228,,,,
1971,158,21,0,2.061445654,2.127939229,4.468262445,4.468262445,0.175416454,,,,
1971,158,22,0,1.00128962,1.65672985,5.602605873,5.602605873,0.13445819,,,,
1971,158,23,0,4.342552997,3.32437268,6.606404266,6.606404266,0.21969243,,,,
1971,159,0,0,0.308120914,2.516704498,6.403216984,6.403216984,0.224286926,,,,
1971,159,1,0,0.195188791,1.633194035,7.370713725,7.370713725,0.118671622,,,,
1971,159,2,0,1.200673602,1.355959705,8.423717784,8.423717784,0,,,,
1971,159,3,0,0.247245631,2.043856884,8.743557797,8.743557797,0,,,,
1971,159,4,0,0,1.878271769,8.528843409,8.528843409,0,,,,
1971,159,5,0,0,1.217665101,5.466752143,5.466752143,0.105810351,,,,
1971,159,6,14.83565331,1.096768519,1.733792612,3.998246022,3.998246022,0,,,,
1971,159,7,41.0596199,3.484306113,3.471364145,5.308720259,5.308720259,0.079909926,,,,
1971,159,8,66.10411072,1.219507139,2.493574728,11.67673496,11.67673496,0.382355912,,,,
1971,159,9,87.80039978,0,1.704863085,12.182264,12.182264,0.452434728,,,,
1971,159,10,104.6200486,1.398920728,4.792528377,11.61895497,11.61895497,0.38790584,,,,
1971,159,11,116.3179865,0.191129428,7.253658457,14.35697899,14.35697899,0.682606488,,,,
1971,159,12,122.7752409,0,6.01829752,13.33571157,13.33571157,0.696053503,,,,
1971,159,13,122.9421111,0.594693751,6.217642611,15.19045839,15.19045839,0.880340018,,,,
1971,159,14,117.9048931,0.19690328,5.767551537,17.54059693,17.54059693,1.261866406,,,,
1971,159,15,107.0166932,9.855008942,5.109900149,17.78849934,17.78849934,1.366243618,,,,
1971,159,16,90.50891113,1.271614057,3.924477346,14.69881334,14.69881334,1.023489913,,,,
1971,159,17,462.8819655,0,3.64218125,13.18406245,13.18406245,0.831159828,,,,
1971,159,18,267.8093547,0,2.987366441,10.79810746,10.79810746,0.663992164,,,,
1971,159,19,96.4133358,0,2.14946952,11.74202471,11.74202471,0.610372499,,,,
1971,159,20,0,0.250344759,1.123774001,10.52177982,10.52177982,0.551388137,,,,
1971,159,21,0,0.217336339,0.803339355,9.918535184,9.918535184,0.475251434,,,,
1971,159,22,0,0,0.468079696,11.16311185,11.16311185,0.477966339,,,,
1971,159,23,0,0,0.19430778,10.39444966,10.39444966,0.456314134,,,,
1971,160,0,0,0,0.677014516,12.74411902,12.74411902,0.777563651,,,,
1971,160,1,0,0,2.893767368,12.13128796,12.13128796,0.73568803,,,,
1971,160,2,0,0.197453178,2.370275367,13.95807718,13.95807718,0.808170085,,,,
1971,160,3,0,1.382172247,2.731512456,12.1024198,12.1024198,0.642734034,,,,
1971,160,4,0,0,2.706604236,14.47661377,14.47661377,0.883227329,,,,
1971,160,5,0,0.33698483,1.818210549,14.5877274,14.5877274,0.867091254,,,,
1971,160,6,14.79639626,0.786297937,2.216468285,17.61164362,17.61164362,1.054300835,,,,
1971,160,7,162.8522644,0,1.639473284,18.98466993,18.98466993,1.250825987,,,,
1971,160,8,274.6559753,0,4.249957043,21.58010413,21.58010413,1.801864625,,,,
1971,160,9,276.6891632,0,3.280305661,21.34067111,21.34067111,1.750811688,,,,
1971,160,10,637.6372375,0,2.884011849,21.09550541,21.09550541,1.863483164,,,,
1971,160,11,893.8113098,0,5.146636865,24.61259298,24.61259298,2.410166008,,,,
1971,160,12,952.488678,0,4.750894507,23.31235853,23.31235853,2.055097282,,,,
1971,160,13,956.5631703,0,6.433689067,23.69069749,23.69069749,2.076440085,,,,
1971,160,14,530.108078,0,4.762379057,20.47906675,20.47906675,1.423162703,,,,
1971,160,15,776.8133545,0,4.79189189,20.54561223,20.54561223,1.318368422,,,,
1971,160,16,646.7992587,0,6.492252054,23.42815347,23.42815347,2.151451894,,,,
1971,160,17,428.012558,0,5.266539728,20.44583463,20.44583463,1.53970651,,,,
1971,160,18,135.9838104,0,6.506114368,22.25154533,22.25154533,1.868398189,,,,
1971,160,19,16.86193275,0.189241413,4.787773665,20.78355969,20.78355969,1.693454908,,,,
1971,160,20,0,0,3.365601371,18.80714026,18.80714026,1.240201792,,,,
1971,160,21,0,0,2.356608811,19.50880118,19.50880118,1.414086144,,,,
1971,160,22,0,0,1.61553533,19.22320691,19.22320691,1.59718696,,,,
1971,160,23,0,0.223310721,2.350004335,19.60421283,19.60421283,1.556936586,,,,
1971,161,0,0,0,1.535825908,17.28649481,17.28649481,1.328732002,,,,
1971,161,1,0,0,1.127707872,17.76326814,17.76326814,1.469219862,,,,
1971,161,2,0,5.98397092,1.30297943,17.35657555,17.35657555,1.504722209,,,,
1971,161,3,0,4.060551695,0.704244558,12.90443683,12.90443683,1.148203487,,,,
1971,161,4,0,0.122634284,0.259869806,11.34102525,11.34102525,1.103786992,,,,
1971,161,5,0,0.199280712,0.01,13.46158077,13.46158077,1.335592948,,,,
1971,161,6,19.01644331,0,0.01,15.5148052,15.5148052,1.450964813,,,,
1971,161,7,133.3686333,0,0.01,19.74509005,19.74509005,1.868106134,,,,
1971,161,8,290.3598633,0,0.01,21.12800299,21.12800299,2.214256625,,,,
1971,161,9,206.5484238,0,0.01,22.55166696,22.55166696,2.547268756,,,,
1971,161,10,284.853302,0,0.250220813,23.9669906,23.9669906,2.977010894,,,,
1971,161,11,1007.571289,0,1.440582533,30.3700254,30.3700254,4.332954749,,,,
1971,161,12,134.523288,0.640369077,0.751115802,29.00216354,29.00216354,4.005178784,,,,
1971,161,13,134.7503847,0.256147631,0.774686967,30.38209723,30.38209723,4.335948243,,,,
1971,161,14,1014.119202,0,0.754773299,33.45060267,33.45060267,5.157688598,,,,
1971,161,15,895.6185303,0,1.388012952,32.6590131,32.6590131,4.933733979,,,,
1971,161,16,99.75392914,0.124135607,0.707881582,28.50493107,28.50493107,3.891493074,,,,
1971,161,17,69.21268463,0,2.494549776,22.93675961,22.93675961,2.151422735,,,,
1971,161,18,266.0460358,0,1.655429625,20.04094691,20.04094691,1.604373247,,,,
1971,161,19,96.87625504,0,1.410343111,18.22373571,18.22373571,1.279606571,,,,
1971,161,20,0,0,0.675600211,16.54298511,16.54298511,0.651821225,,,,
1971,161,21,0,0,1.022770987,14.14665255,14.14665255,0.401234625,,,,
1971,161,22,0,0,4.184592397,13.62883941,13.62883941,0.410442745,,,,
1971,161,23,0,0,3.291893205,14.19396804,14.19396804,0.340576236,,,,
1971,162,0,0,0,2.466033701,13.89508459,13.89508459,0.289685758,,,,
1971,162,1,0,0,1.93515595,12.96642507,12.96642507,0.289608794,,,,
1971,162,2,0,0,1.860844153,12.71327127,12.71327127,0.283917014,,,,
1971,162,3,0,0,1.12625009,13.49561486,13.49561486,0.377770197,,,,
1971,162,4,0,0,0.544028788,10.48637354,10.48637354,0.361797887,,,,
1971,162,5,0,0,0.155162465,11.49961237,11.49961237,0.573555657,,,,
1971,162,6,33.29224586,0,0.01,11.52330093,11.52330093,0.529992916,,,,
1971,162,7,90.39256287,0,0.879425015,11.84505045,11.84505045,0.550709647,,,,
1971,162,8,165.0633926,0,1.589670582,16.37535907,16.37535907,0.946973944,,,,
1971,162,9,104.1310701,0,1.01907471,15.65965729,15.65965729,0.755784043,,,,
1971,162,10,105.1989397,0,0.462591594,16.43284985,16.43284985,0.754782752,,,,
1971,162,11,497.2376556,0,0.39082152,17.4395592,17.4395592,0.909701214,,,,
1971,162,12,339.9005737,0,0.210723195,14.11643776,14.11643776,0.362500708,,,,
1971,162,13,188.0864029,0,0.01,11.8391342,11.8391342,0.127306216,,,,
1971,162,14,125.8676405,0,0.01,9.736722682,9.736722682,0.021873893,,,,
1971,162,15,105.9849695,0,0.01,10.94034687,10.94034687,0.370904615,,,,
1971,162,16,90.54419261,0,0.01,10.58628535,10.58628535,0.396758691,,,,
1971,162,17,69.18767977,0,4.234340251,8.883144582,8.883144582,0.333845424,,,,
1971,162,18,45.38192856,0,3.632518105,9.1232235,9.1232235,0.243239794,,,,
1971,162,19,16.93089702,0,2.537587966,9.628558623,9.628558623,0.197083273,,,,
1971,162,20,0,0,1.649444519,8.025805667,8.025805667,0,,,,
1971,162,21,0,0,3.079130662,6.064537121,6.064537121,0.015781144,,,,
1971,162,22,0,0,2.304037889,4.993082335,4.993082335,0.144106416,,,,
1971,162,23,0,0,1.63241404,4.231913741,4.231913741,0.194154274,,,,
1971,163,0,0,0,1.621602878,1.948393991,1.948393991,0.200697104,,,,
1971,163,1,0,0,1.40887091,-1.240248747,-1.240248747,0.181977017,,,,
1971,163,2,0,0,0.846056081,1.472233792,1.472233792,0.237364007,,,,
1971,163,3,0,0,0.296264,4.227828802,4.227828802,0.376272526,,,,
1971,163,4,0,0,1.542481806,7.061267668,7.061267668,0.364002283,,,,
1971,163,5,0,0,0.955665627,9.577981406,9.577981406,0.564115286,,,,
1971,163,6,70.8237381,0,0.458424669,16.07659832,16.07659832,0.933402187,,,,
1971,163,7,214.708107,0,0.322542574,18.12520038,18.12520038,1.255088318,,,,
1971,163,8,324.911499,0,1.557976562,21.23160368,21.23160368,1.786425238,,,,
1971,163,9,529.6393433,0,1.500092482,23.86819205,23.86819205,2.450029568,,,,
1971,163,10,809.837234,0,1.519702817,24.19790964,24.19790964,2.640614,,,,
1971,163,11,923.4002626,0,6.540790841,24.64862018,24.64862018,2.723495262,,,,
1971,163,12,853.4203796,0,5.33811122,20.19896409,20.19896409,1.717314724,,,,
1971,163,13,963.6985474,0,4.33254981,19.7613279,19.7613279,1.707580315,,,,
1971,163,14,798.7815857,0,3.790953952,18.73661301,18.73661301,1.572117402,,,,
1971,163,15,805.6188079,0,3.591490124,15.70786899,15.70786899,1.153613775,,,,
1971,163,16,656.4386777,0,2.964215944,13.29089887,13.29089887,0.993236856,,,,
1971,163,17,69.84145355,4.669496624,5.329008994,16.80660024,16.80660024,1.386474031,,,,
1971,163,18,44.30175018,1.975556264,3.558730857,17.8002354,17.8002354,1.501909938,,,,
1971,163,19,28.78838921,0,4.153811011,16.53951797,16.53951797,1.344112601,,,,
1971,163,20,0,0,3.302786282,13.16814703,13.16814703,0.843808137,,,,
1971,163,21,0,0,2.907292831,13.31150542,13.31150542,0.905269694,,,,
1971,163,22,0,0,2.381911551,13.14890322,13.14890322,0.839387146,,,,
1971,163,23,0,0,3.280492164,10.01519329,10.01519329,0.675858377,,,,
1971,164,0,0,0,2.981202573,6.278515941,6.278515941,0.354739371,,,,
1971,164,1,0,0,3.16869677,5.977922243,5.977922243,0.346761039,,,,
1971,164,2,0,0,2.487595363,3.017948927,3.017948927,0.306547003,,,,
1971,164,3,0,0,2.359973571,3.212426633,3.212426633,0.451248828,,,,
1971,164,4,0,0,1.765650605,2.742760686,2.742760686,0.40922761,,,,
1971,164,5,0,0,4.706335984,5.388011281,5.388011281,0.506415161,,,,
1971,164,6,90.01476831,0,3.649929228,5.243516924,5.243516924,0.446813096,,,,
1971,164,7,256.2647894,0,3.733064199,7.049753145,7.049753145,0.352634453,,,,
1971,164,8,449.5820453,0,4.133092181,11.45801409,11.45801409,0.616346075,,,,
1971,164,9,634.7417297,0,3.556499175,14.66200147,14.66200147,0.977104194,,,,
1971,164,10,633.9313202,0,2.930198531,14.27426602,14.27426602,0.854622898,,,,
1971,164,11,734.2512207,0,3.808223495,13.86459902,13.86459902,0.903987196,,,,
1971,164,12,969.6132507,0,3.237282015,15.91018601,15.91018601,1.291488326,,,,
1971,164,13,929.5921936,0,3.73011291,16.78209796,16.78209796,1.389704436,,,,
1971,164,14,926.6016884,0,9.215906069,19.33340683,19.33340683,1.817678404,,,,
1971,164,15,826.3232214,0,7.311489009,16.4741211,16.4741211,1.569655677,,,,
1971,164,16,425.6461487,0,6.402318337,19.26453326,19.26453326,1.913895846,,,,
1971,164,17,382.9775543,0,4.702163413,17.8358996,17.8358996,1.485251546,,,,
1971,164,18,268.6075745,0,4.373837513,15.56150915,15.56150915,1.223608765,,,,
1971,164,19,64.85783482,0,3.067841978,15.0934194,15.0934194,1.139485594,,,,
1971,164,20,0,0,2.261922475,14.15088257,14.15088257,0.937763657,,,,
1971,164,21,0,0,2.137855315,13.59705864,13.59705864,0.872139539,,,,
1971,164,22,0,0,3.023178162,11.82876484,11.82876484,0.732954277,,,,
1971,164,23,0,0,2.084298095,10.57921742,10.57921742,0.646539426,,,,
1971,165,0,0,0,1.491921568,10.21762387,10.21762387,0.646097751,,,,
1971,165,1,0,0,1.37123862,8.475429643,8.475429643,0.684630066,,,,
1971,165,2,0,0,2.317064654,8.490435704,8.490435704,0.667271077,,,,
1971,165,3,0,0,2.191172661,10.61656082,10.61656082,0.617446894,,,,
1971,165,4,0,0,1.393828693,12.22613424,12.22613424,0.829523184,,,,
1971,165,5,0,0,0.745725806,13.70612171,13.70612171,0.987263059,,,,
1971,165,6,15.67524278,0,0.232850564,13.76240338,13.76240338,0.847881989,,,,
1971,165,7,87.30989456,0,0.253540021,19.13933452,19.13933452,1.515941525,,,,
1971,165,8,196.2605286,0,0.008674706,25.00983192,25.00983192,2.786261148,,,,
1971,165,9,170.4433594,0,0.01,24.99715029,24.99715029,2.735557961,,,,
1971,165,10,393.3898621,0,0.01,25.69470497,25.69470497,2.893360869,,,,
1971,165,11,655.5368652,0,0.289501428,30.30248585,30.30248585,4.316239844,,,,
1971,165,12,684.218689,0,1.198245552,29.58116801,29.58116801,4.141191575,,,,
1971,165,13,307.0630188,0,1.498222844,27.09761028,27.09761028,3.358014096,,,,
1971,165,14,733.7435303,0,1.115015983,23.78910035,23.78910035,2.364465663,,,,
1971,165,15,794.4728699,0,0.936151743,22.66320425,22.66320425,2.20598213,,,,
1971,165,16,244.4186249,0,1.200531634,22.07034614,22.07034614,1.97447279,,,,
1971,165,17,124.1815796,0,0.792740331,19.76988214,19.76988214,1.427148663,,,,
1971,165,18,266.9590607,0,0.313889409,17.83013509,17.83013509,1.168238777,,,,
1971,165,19,99.9916687,0,0.167522586,14.48570546,14.48570546,0.900836571,,,,
1971,165,20,0,0,0.01,12.24460616,12.24460616,0.652096635,,,,
1971,165,21,0,0,0.01,12.79252001,12.79252001,0.612691535,,,,
1971,165,22,0,0,0.01,13.08733155,13.08733155,0.447592486,,,,
1971,165,23,0,0,0.01,14.52389515,14.52389515,0.311214787,,,,
1971,166,0,0,0,0.01,15.0924727,15.0924727,0.546193222,,,,
1971,166,1,0,0,0.01,15.19209384,15.19209384,0.713976331,,,,
1971,166,2,0,0,0.01,16.06245379,16.06245379,0.686715183,,,,
1971,166,3,0,0,0.01,14.419299,14.419299,0.325586066,,,,
1971,166,4,0,0,0.01,11.05077954,11.05077954,0.02377664,,,,
1971,166,5,0,0,0.01,11.60644554,11.60644554,0.107017953,,,,
1971,166,6,24.2787776,0,0.01,14.34134593,14.34134593,0.33811115,,,,
1971,166,7,223.8531113,0,0.01,21.9273621,21.9273621,1.346207206,,,,
1971,166,8,444.7948662,0,0.01,26.28839419,26.28839419,2.464996088,,,,
1971,166,9,616.4845082,0,0.562311413,22.30000774,22.30000774,1.326518569,,,,
1971,166,10,770.016495,0,0.642841684,23.04059073,23.04059073,1.499463536,,,,
1971,166,11,888.0800545,0,5.389025181,24.75845887,24.75845887,2.039331039,,,,
1971,166,12,950.4569509,0,5.584246841,23.50203898,23.50203898,1.925708018,,,,
1971,166,13,767.591217,0,4.38172288,23.25106003,23.25106003,1.589081746,,,,
1971,166,14,805.5635071,0,5.148299965,19.97866737,19.97866737,0.989728298,,,,
1971,166,15,763.0727844,0,4.018319966,16.76805154,16.76805154,0.205473039,,,,
1971,166,16,619.4589209,0,4.877409725,15.75219608,15.75219608,0.046700308,,,,
1971,166,17,230.0708694,0,3.901390291,14.99015287,14.99015287,0.123386351,,,,
1971,166,18,164.4752197,0,2.5977123,15.98185081,15.98185081,0.59671716,,,,
1971,166,19,73.66983604,0,1.562183614,12.58212828,12.58212828,0.525294636,,,,
1971,166,20,0,0,1.021343433,9.830497438,9.830497438,0.512366512,,,,
1971,166,21,0,0,0.706604756,7.821558737,7.821558737,0.338239889,,,,
1971,166,22,0,0,0.345112644,7.698801662,7.698801662,0.291833207,,,,
1971,166,23,0,0,1.065503231,7.241745024,7.241745024,0.271510196,,,,
1971,167,0,0,0,0.514508274,6.080989822,6.080989822,0.334286198,,,,
1971,167,1,0,0,0.197671465,10.06673757,10.06673757,0.501634924,,,,
1971,167,2,0,0,0.01,12.32358814,12.32358814,0.798012205,,,,
1971,167,3,0,0,1.297868488,8.954462288,8.954462288,0.535372347,,,,
1971,167,4,0,0,0.997478018,7.373422649,7.373422649,0.385245208,,,,
1971,167,5,0,0,1.364981017,10.86448194,10.86448194,0.599732999,,,,
1971,167,6,91.08911133,0,0.958069243,12.57805299,12.57805299,0.893364257,,,,
1971,167,7,259.173039,0,1.2065201,16.13512395,16.13512395,1.262209754,,,,
1971,167,8,187.8281021,0,1.551265389,13.80280501,13.80280501,0.847237592,,,,
1971,167,9,89.53948975,1.485008481,1.67187357,10.88683414,10.88683414,0.690437015,,,,
1971,167,10,648.901886,0,1.468154099,17.33456176,17.33456176,0.852408323,,,,
1971,167,11,322.1850891,0,1.036061963,22.83931544,22.83931544,2.05914657,,,,
1971,167,12,590.923645,0,2.20443564,23.33037569,23.33037569,1.920714415,,,,
1971,167,13,868.0204468,0,4.819125703,21.9264631,21.9264631,1.674741398,,,,
1971,167,14,896.7515555,0,4.222833523,17.67672658,17.67672658,0.996305896,,,,
1971,167,15,512.6053314,0,3.070881753,18.66859634,18.66859634,1.175550824,,,,
1971,167,16,174.8603935,0,1.720407109,16.63797742,16.63797742,1.012310463,,,,
1971,167,17,192.3916016,0,2.144472749,19.12386827,19.12386827,1.232540045,,,,
1971,167,18,198.043808,0,1.37847499,20.92601089,20.92601089,1.682565209,,,,
1971,167,19,27.36457205,0,2.302920131,19.57041585,19.57041585,1.381041516,,,,
1971,167,20,0.132685533,0,8.097730677,18.34066553,18.34066553,1.031359458,,,,
1971,167,21,0,0,6.062402408,16.90738667,16.90738667,1.049541988,,,,
1971,167,22,0,0,5.374563647,16.51055177,16.51055177,0.847041469,,,,
1971,167,23,0,0,4.682869905,13.44933619,13.44933619,0.377331176,,,,
1971,168,0,0,0,5.557010579,14.2798026,14.2798026,0.530502239,,,,
1971,168,1,0,0,4.807328671,14.52773981,14.52773981,0.615257502,,,,
1971,168,2,0,0,3.555787382,11.83526608,11.83526608,0.555139922,,,,
1971,168,3,0,0,3.832001489,11.58506624,11.58506624,0.504576806,,,,
1971,168,4,0,0,4.56502767,10.0989729,10.0989729,0.544760548,,,,
1971,168,5,0,0,3.323377298,8.850862418,8.850862418,0.570309468,,,,
1971,168,6,72.17443848,0,3.141340715,11.01244377,11.01244377,0.639264682,,,,
1971,168,7,257.3908691,0,3.620949196,17.66711,17.66711,1.361240988,,,,
1971,168,8,461.3645935,0,5.267129024,23.86756864,23.86756864,2.548120531,,,,
1971,168,9,91.21471274,0,5.498057813,22.35998144,22.35998144,2.331115096,,,,
1971,168,10,143.3044472,0,4.004343124,22.19573524,22.19573524,2.209546564,,,,
1971,168,11,118.9776925,0,4.946809233,21.1944177,21.1944177,2.039753245,,,,
1971,168,12,128.8089828,0,3.775227164,20.55642709,20.55642709,1.947356069,,,,
1971,168,13,136.4252052,0,2.846665932,17.70505799,17.70505799,1.538017039,,,,
1971,168,14,119.5968067,0,4.078740033,18.93726406,18.93726406,1.722899578,,,,
1971,168,15,108.430442,0,2.977018768,20.33486497,20.33486497,1.764164399,,,,
1971,168,16,92.50041389,0,2.214123948,18.20284175,18.20284175,1.428426645,,,,
1971,168,17,74.80298495,0,1.51710494,16.83868264,16.83868264,1.223145437,,,,
1971,168,18,44.1560118,0,1.067367716,13.48691894,13.48691894,0.868582902,,,,
1971,168,19,50.58921814,0,0.504165677,15.67283043,15.67283043,0.802290311,,,,
1971,168,20,0.331809069,0,0.075879853,16.5152119,16.5152119,0.86642964,,,,
1971,168,21,0,0,0.01,16.22373397,16.22373397,0.840627581,,,,
1971,168,22,0,0,0.01,14.63884105,14.63884105,0.613613604,,,,
1971,168,23,0,0,0.713643464,12.8545386,12.8545386,0.542400588,,,,
1971,169,0,0,0,0.193774274,9.189488317,9.189488317,0.271231176,,,,
1971,169,1,0,0,0.01,5.91744818,5.91744818,0.316610933,,,,
1971,169,2,0,0,0.01,3.499609977,3.499609977,0.421690888,,,,
1971,169,3,0,0,0.051820796,0.460022043,0.460022043,0.442301703,,,,
1971,169,4,0,0,0.449088252,-0.454971562,-0.454971562,0.4438617,,,,
1971,169,5,0,0,0.975142723,2.453740189,2.453740189,0.727886798,,,,
1971,169,6,21.85591495,0,0.595846645,3.927462898,3.927462898,0.808118683,,,,
1971,169,7,45.98855588,0,0.15724853,4.712782351,4.712782351,0.812343621,,,,
1971,169,8,78.83019447,0,0.085922869,1.352621884,1.352621884,0.672610461,,,,
1971,169,9,94.55655724,0,0.01,3.384876694,3.384876694,0.692704846,,,,
1971,169,10,637.0432892,0,2.907223131,7.228156485,7.228156485,0.822018699,,,,
1971,169,11,909.9552002,0,2.904258751,9.909041781,9.909041781,0.689494435,,,,
1971,169,12,965.9521972,0,2.676345892,11.39513924,11.39513924,0.702794946,,,,
1971,169,13,974.9742373,0,2.439210844,10.70087886,10.70087886,0.760547049,,,,
1971,169,14,930.3190903,0,2.315564899,11.50143276,11.50143276,0.974803495,,,,
1971,169,15,646.1382904,0,1.67400119,16.78882041,16.78882041,1.416345681,,,,
1971,169,16,658.9584949,0,2.028939873,18.40189119,18.40189119,1.605462943,,,,
1971,169,17,468.5972007,0,3.075645883,14.00799533,14.00799533,0.954367481,,,,
1971,169,18,66.168293,0,2.388853527,16.9668383,16.9668383,1.420803663,,,,
1971,169,19,72.10363197,0,1.755516876,19.02693259,19.02693259,1.665577265,,,,
1971,169,20,0.43755422,0,3.986556969,15.32173796,15.32173796,1.213389888,,,,
1971,169,21,0,0,3.502812831,13.18703695,13.18703695,1.192787962,,,,
1971,169,22,0,0,2.547581572,11.01193973,11.01193973,1.026474326,,,,
1971,169,23,0,0,1.698890005,8.294737246,8.294737246,1.006047491,,,,
1971,170,0,0,0,1.035266741,6.040497771,6.040497771,0.7477564,,,,
1971,170,1,0,0,0.914555377,4.705249978,4.705249978,0.712235655,,,,
1971,170,2,0,0,2.32372722,4.486850916,4.486850916,0.689207641,,,,
1971,170,3,0,0,1.573490231,6.141361987,6.141361987,0.56171396,,,,
1971,170,4,0,0,0.894361322,2.677340821,2.677340821,0.67115379,,,,
1971,170,5,0,0,0.855491426,4.166157492,4.166157492,0.665834612,,,,
1971,170,6,18.02345103,0,5.229446562,6.541205628,6.541205628,0.473581905,,,,
1971,170,7,45.9122951,0,6.280497299,6.666646559,6.666646559,0.520894995,,,,
1971,170,8,124.717556,0,4.835878023,10.93848382,10.93848382,0.610941232,,,,
1971,170,9,487.7333679,0,4.02781016,15.12621784,15.12621784,0.952277897,,,,
1971,170,10,509.9114075,0,5.478277486,15.99769252,15.99769252,1.05713798,,,,
1971,170,11,840.2459717,0,5.681439836,20.15512034,20.15512034,1.545439766,,,,
1971,170,12,738.8916016,0,5.423458608,20.37278649,20.37278649,1.493795837,,,,
1971,170,13,918.1604309,0,4.861396734,21.22821932,21.22821932,1.632096359,,,,
1971,170,14,910.2645113,0,6.038408287,23.96996368,23.96996368,2.26059481,,,,
1971,170,15,790.6621399,0,5.612657891,23.11714929,23.11714929,1.882571583,,,,
1971,170,16,353.68573,0,4.304696276,21.09606256,21.09606256,1.548987801,,,,
1971,170,17,180.1147461,0,5.118860449,18.39386551,18.39386551,1.020365748,,,,
1971,170,18,43.70031187,0,4.376696714,15.60705034,15.60705034,0.697203944,,,,
1971,170,19,73.53121948,0,3.53790302,19.10716251,19.10716251,1.128450207,,,,
1971,170,20,0.418136925,0,3.851579367,17.35501007,17.35501007,0.926128939,,,,
1971,170,21,0,0,2.84792223,15.25015114,15.25015114,0.633315589,,,,
1971,170,22,0,0,2.143776327,13.33081827,13.33081827,0.397894825,,,,
1971,170,23,0,0,1.942861231,12.78988185,12.78988185,0.432031558,,,,
1971,171,0,0,0,1.44626701,9.959796976,9.959796976,0.365444466,,,,
1971,171,1,0,0,2.372018664,11.54778293,11.54778293,0.413516225,,,,
1971,171,2,0,0,1.803058385,12.89538734,12.89538734,0.538303768,,,,
1971,171,3,0,0,3.07939845,12.53341692,12.53341692,0.46764853,,,,
1971,171,4,0,0,2.389602242,9.992345125,9.992345125,0.24480686,,,,
1971,171,5,0,0,1.674287543,9.710075806,9.710075806,0.253820262,,,,
1971,171,6,87.93502095,0,1.213830035,14.07830928,14.07830928,0.634598504,,,,
1971,171,7,242.0183563,0,1.159632422,15.80099934,15.80099934,0.858773266,,,,
1971,171,8,446.0347665,0,1.176485444,18.31288165,18.31288165,1.168664826,,,,
1971,171,9,632.4333463,0,2.24152582,16.03547221,16.03547221,0.970552047,,,,
1971,171,10,789.0792444,0,1.997312551,13.73668804,13.73668804,0.774172574,,,,
1971,171,11,900.3838196,0,1.967861087,15.33169424,15.33169424,1.018720675,,,,
1971,171,12,235.7372971,0,1.169331398,14.62502112,14.62502112,0.927229615,,,,
1971,171,13,201.435791,0,0.604806671,17.77841283,17.77841283,1.290022744,,,,
1971,171,14,126.7785769,0,0.01,16.7828018,16.7828018,1.213855866,,,,
1971,171,15,107.3637918,0,0.775816601,16.8910875,16.8910875,1.188170836,,,,
1971,171,16,90.21835096,0,0.241112165,18.29433541,18.29433541,1.20759635,,,,
1971,171,17,171.9147339,0,0.719451133,20.28700073,20.28700073,1.52197585,,,,
1971,171,18,48.79680037,0,1.196006647,17.98407091,17.98407091,1.184050809,,,,
1971,171,19,17.14054785,0,0.49067485,18.55251614,18.55251614,1.023856455,,,,
1971,171,20,0.108069897,0,0.038204043,18.7043969,18.7043969,1.106234973,,,,
1971,171,21,0,0,0.416807505,17.52927828,17.52927828,1.057584657,,,,
1971,171,22,0,0,3.144916594,17.3757926,17.3757926,1.039363684,,,,
1971,171,23,0,0,3.275599357,14.10908535,14.10908535,0.449280952,,,,
1971,172,0,0,0,2.473683143,15.25515214,15.25515214,0.625213649,,,,
1971,172,1,0,0,1.661902737,12.11064641,12.11064641,0.599110432,,,,
1971,172,2,0,0,0.968407465,8.793851009,8.793851009,0.375550961,,,,
1971,172,3,0,0,0.408317782,8.910553422,8.910553422,0.311346273,,,,
1971,172,4,0,0,0.041131694,5.989009817,5.989009817,0.456610826,,,,
1971,172,5,0,0,0.01,8.878123913,8.878123913,0.246394629,,,,
1971,172,6,72.00517082,0,1.378690427,12.97064407,12.97064407,0.512245879,,,,
1971,172,7,254.1922783,0,0.977314164,17.30436435,17.30436435,1.087442117,,,,
1971,172,8,451.8663635,0,2.331343138,20.58597416,20.58597416,1.736689869,,,,
1971,172,9,660.1768719,0,3.289796115,27.18741155,27.18741155,3.332197537,,,,
1971,172,10,803.3676453,0,2.854175793,25.99690397,25.99690397,2.940002145,,,,
1971,172,11,1006.018341,0,2.71831003,29.65482838,29.65482838,4.158779671,,,,
1971,172,12,990.9415283,0,2.699553629,28.31975873,28.31975873,3.758774149,,,,
1971,172,13,188.5505829,0,1.595032,26.54341377,26.54341377,2.976866371,,,,
1971,172,14,676.0824585,0,0.960874234,29.81955161,29.81955161,3.968454559,,,,
1971,172,15,827.1408081,0,0.929573819,30.38661461,30.38661461,4.337068895,,,,
1971,172,16,736.239119,0,1.147548789,29.15299912,29.15299912,4.040231518,,,,
1971,172,17,78.15184772,0,2.566202421,28.41514811,28.41514811,3.856508672,,,,
1971,172,18,244.1820068,0,3.164453389,24.98729307,24.98729307,2.607214217,,,,
1971,172,19,99.66797829,0,4.141038624,24.61763065,24.61763065,2.240727389,,,,
1971,172,20,0.795777204,0,3.598515046,19.11040144,19.11040144,1.236479615,,,,
1971,172,21,0,0,2.483764276,15.79523132,15.79523132,0.848060042,,,,
1971,172,22,0,0,1.768423935,12.02063316,12.02063316,0.436148806,,,,
1971,172,23,0,0,2.429855945,9.990047701,9.990047701,0.108832432,,,,
1971,173,0,0,0,1.59735779,8.252188371,8.252188371,0.116900179,,,,
1971,173,1,0,0,1.145405911,11.87518,11.87518,0.320201998,,,,
1971,173,2,0,0,1.624420641,8.062117768,8.062117768,0.142678359,,,,
1971,173,3,0,0,1.078481283,7.354191661,7.354191661,0.164200747,,,,
1971,173,4,0,0,2.668050176,6.925396303,6.925396303,0.123394172,,,,
1971,173,5,0,0,1.78149953,9.395905238,9.395905238,0.111879925,,,,
1971,173,6,56.17324352,0,1.185694398,10.57988883,10.57988883,0.227183587,,,,
1971,173,7,167.9965057,0,2.410773268,10.35723468,10.35723468,0.045067395,,,,
1971,173,8,217.1613007,0,2.569219817,10.60164032,10.60164032,0,,,,
1971,173,9,187.6570358,0,5.368945563,13.16302112,13.16302112,0.137943863,,,,
1971,173,10,626.1305084,0,5.483341519,16.13270057,16.13270057,0.463966013,,,,
1971,173,11,788.2344666,0,5.148738208,18.15492916,18.15492916,0.835133297,,,,
1971,173,12,693.2802124,0,4.261978518,14.15268351,14.15268351,0.472812196,,,,
1971,173,13,363.475647,0,4.230975471,15.0249162,15.0249162,0.631040026,,,,
1971,173,14,429.8604431,0,6.753607054,16.00807526,16.00807526,0.696212917,,,,
1971,173,15,701.6608887,0,5.474564368,19.84377266,19.84377266,1.600974054,,,,
1971,173,16,615.1713715,0,9.011963815,15.21805326,15.21805326,0.923922834,,,,
1971,173,17,464.6109687,0,7.299199217,17.20891552,17.20891552,1.181927884,,,,
1971,173,18,159.9202194,0,5.267172835,14.39599568,14.39599568,0.684192264,,,,
1971,173,19,22.11894119,0,3.616667958,11.79730172,11.79730172,0.330654584,,,,
1971,173,20,0.775046917,0,3.91002059,10.30424293,10.30424293,0.41122381,,,,
1971,173,21,0,0,4.500722626,8.963173174,8.963173174,0.375274179,,,,
1971,173,22,0,0,3.44768248,9.407212935,9.407212935,0.220245448,,,,
1971,173,23,0,0,2.38556539,8.930488215,8.930488215,0.209409801,,,,
1971,174,0,0,0,2.875003879,12.25053486,12.25053486,0.221454322,,,,
1971,174,1,0,0,2.011296594,9.644078786,9.644078786,0.247858869,,,,
1971,174,2,0,0,1.28903434,8.976611858,8.976611858,0.216832879,,,,
1971,174,3,0,0,2.797715369,11.15930338,11.15930338,0.325887495,,,,
1971,174,4,0,0,2.279193992,13.12227174,13.12227174,0.676166887,,,,
1971,174,5,0,0,3.41402128,15.0531842,15.0531842,0.810999818,,,,
1971,174,6,92.33514977,0,3.085320058,17.81659178,17.81659178,1.503445476,,,,
1971,174,7,261.2582055,0,3.863826187,19.89802207,19.89802207,1.821355762,,,,
1971,174,8,336.0098877,0,3.107915676,21.52941801,21.52941801,2.132192707,,,,
1971,174,9,307.3714905,0,2.552171355,18.28895176,18.28895176,1.689289444,,,,
1971,174,10,353.2903595,0,2.129617193,20.03096831,20.03096831,1.721301186,,,,
1971,174,11,220.4103394,0,4.171575674,18.13772567,18.13772567,1.458281331,,,,
1971,174,12,368.4547577,0,3.170561637,20.90128271,20.90128271,1.930561915,,,,
1971,174,13,200.5464478,0,2.234579576,18.34888487,18.34888487,1.438112444,,,,
1971,174,14,340.8529205,0,1.187376294,17.23407165,17.23407165,1.078407043,,,,
1971,174,15,421.3440552,0,0.858268109,17.96215358,17.96215358,0.986937347,,,,
1971,174,16,356.1021271,0,1.85782166,17.5940436,17.5940436,0.973369798,,,,
1971,174,17,431.599762,0,1.375287634,21.11345466,21.11345466,1.441814224,,,,
1971,174,18,204.3851166,0,0.919097919,18.82615655,18.82615655,1.004517747,,,,
1971,174,19,98.41706467,0,0.337809724,14.72001285,14.72001285,0.544569124,,,,
1971,174,20,0.346304381,0,0.01,14.50108311,14.50108311,0.646034897,,,,
1971,174,21,0,0,0.01,11.82062014,11.82062014,0.429521141,,,,
1971,174,22,0,0,0.01,11.55784065,11.55784065,0.516369764,,,,
1971,174,23,0,0,2.999937899,9.656161945,9.656161945,0.527821847,,,,
1971,175,0,0,0,2.442665175,8.841050934,8.841050934,0.326747663,,,,
1971,175,1,0,0,1.91105658,9.425549,9.425549,0.210647115,,,,
1971,175,2,0,0,2.762139699,9.720373273,9.720373273,0.192562857,,,,
1971,175,3,0,0,1.859094457,10.28627492,10.28627492,0.188246009,,,,
1971,175,4,0,0,1.839420093,10.50191813,10.50191813,0,,,,
1971,175,5,0,0,1.094677867,11.19038091,11.19038091,0,,,,
1971,175,6,85.47590235,0,5.001022711,15.1050256,15.1050256,0.327903841,,,,
1971,175,7,250.1568451,0,4.074713889,19.18697033,19.18697033,1.049809719,,,,
1971,175,8,442.2675171,0,4.190571874,23.73439654,23.73439654,1.904994226,,,,
1971,175,9,629.7244701,0,3.924263643,22.10255609,22.10255609,1.742260312,,,,
1971,175,10,786.3493958,0,3.659218299,24.8671653,24.8671653,2.406860562,,,,
1971,175,11,178.312767,0,2.576210792,19.97140325,19.97140325,1.307807386,,,,
1971,175,12,504.9339142,0,1.835439187,21.92820081,21.92820081,1.612381833,,,,
1971,175,13,638.1547241,0,1.366881317,19.36270945,19.36270945,1.357276029,,,,
1971,175,14,869.7610168,0,1.789198019,17.77214568,17.77214568,1.105808785,,,,
1971,175,15,493.8969727,0,1.150142399,16.73703915,16.73703915,0.980451285,,,,
1971,175,16,623.085144,0,0.69540229,21.39772681,21.39772681,1.702270202,,,,
1971,175,17,466.0914843,0,1.997617424,23.34550872,23.34550872,2.152175861,,,,
1971,175,18,261.4863129,0,3.356947914,18.55458098,18.55458098,1.081077769,,,,
1971,175,19,98.71254349,0,3.349041976,20.52298346,20.52298346,1.457767215,,,,
1971,175,20,0.231761169,0,4.840609042,20.10970734,20.10970734,1.330694698,,,,
1971,175,21,0,0,3.488108864,20.28716297,20.28716297,1.311073548,,,,
1971,175,22,0,0,3.383800949,23.02638709,23.02638709,2.017055641,,,,
1971,175,23,0,0,2.555652956,19.40082952,19.40082952,1.316812013,,,,
1971,176,0,0,0,7.482964015,16.76394986,16.76394986,1.042203692,,,,
1971,176,1,0,0,5.721457872,12.88157787,12.88157787,0.526772623,,,,
1971,176,2,0,0,4.330433096,9.363925652,9.363925652,0.136191575,,,,
1971,176,3,0,0,9.067497942,7.432908477,7.432908477,0,,,,
1971,176,4,0,0,6.993558723,9.514320352,9.514320352,0,,,,
1971,176,5,0,0,6.434592248,10.13346038,10.13346038,0,,,,
1971,176,6,15.07458496,1.69254514,4.940751698,10.54406257,10.54406257,0,,,,
1971,176,7,40.49662399,0.526591465,4.018622007,12.30360069,12.30360069,0.047337779,,,,
1971,176,8,66.1412735,1.079740032,3.284996107,11.03269181,11.03269181,0.183719392,,,,
1971,176,9,94.67315245,0,2.547221476,11.12949009,11.12949009,0.223757216,,,,
1971,176,10,251.5113068,0,1.894899713,11.7181319,11.7181319,0.527660551,,,,
1971,176,11,200.7263565,0,1.43671692,14.608258,14.608258,1.093222088,,,,
1971,176,12,268.5719452,0,1.44021658,13.74033024,13.74033024,1.044498397,,,,
1971,176,13,123.4412263,0.833655437,1.290168862,14.70224059,14.70224059,0.935119522,,,,
1971,176,14,131.6642799,0,1.195575561,15.59828068,15.59828068,1.012051408,,,,
1971,176,15,345.7073059,0,0.793077839,19.28538392,19.28538392,1.302053646,,,,
1971,176,16,92.72606599,0,0.283319594,16.53788671,16.53788671,0.977517748,,,,
1971,176,17,190.6690903,0,0.575796272,16.13444499,16.13444499,0.85930593,,,,
1971,176,18,156.402916,0,0.141552047,13.08446924,13.08446924,0.657764071,,,,
1971,176,19,38.12995625,0,1.654290024,9.222961737,9.222961737,0.54002144,,,,
1971,176,20,0.078297607,0,0.859528831,6.356702453,6.356702453,0.415044161,,,,
1971,176,21,0,0,0.254758302,6.360464613,6.360464613,0.458379234,,,,
1971,176,22,0,0,1.831064171,6.514672201,6.514672201,0.538043055,,,,
1971,176,23,0,0,1.129701528,5.753401074,5.753401074,0.744476586,,,,
1971,177,0,0,0,1.568049706,7.101263536,7.101263536,0.826699101,,,,
1971,177,1,0,0,2.121901606,5.653246251,5.653246251,0.831577041,,,,
1971,177,2,0,0.109528449,3.573130799,3.205944228,3.205944228,0.767913976,,,,
1971,177,3,0,0,2.51711098,3.282970672,3.282970672,0.772120293,,,,
1971,177,4,0,0,1.673643183,6.248236637,6.248236637,0.784027771,,,,
1971,177,5,0,0,3.172014853,4.22842636,4.22842636,0.776406006,,,,
1971,177,6,16.42676357,0,5.131748701,8.052868064,8.052868064,0.76457993,,,,
1971,177,7,43.21998596,0,3.843829982,5.250086208,5.250086208,0.463636624,,,,
1971,177,8,69.43214864,0,3.749749779,7.619681297,7.619681297,0.744446321,,,,
1971,177,9,89.43595724,0,2.735512621,10.91660683,10.91660683,0.671803856,,,,
1971,177,10,107.1414671,0,3.22441019,12.08481102,12.08481102,0.634942853,,,,
1971,177,11,179.9281845,0,2.845743084,13.27674707,13.27674707,0.709095411,,,,
1971,177,12,619.0627441,0,2.453516811,15.36533746,15.36533746,0.80856979,,,,
1971,177,13,570.6354675,0,2.056239287,12.96385643,12.96385643,0.704558418,,,,
1971,177,14,350.401535,0,2.244847562,12.16739573,12.16739573,0.592049472,,,,
1971,177,15,367.1968689,0,1.39295069,10.64765696,10.64765696,0.541336308,,,,
1971,177,16,618.358902,0,2.045133335,11.11036599,11.11036599,0.809731232,,,,
1971,177,17,80.12360334,0,1.203690893,10.00066402,10.00066402,0.724895567,,,,
1971,177,18,44.30225894,0,0.705011113,10.08091055,10.08091055,0.326154214,,,,
1971,177,19,98.96601868,0,0.157073533,12.18124038,12.18124038,0.423666089,,,,
1971,177,20,0.199090125,0,0.246467104,12.04316213,12.04316213,0.416453909,,,,
1971,177,21,0,0,2.672652969,10.34167304,10.34167304,0.19877105,,,,
1971,177,22,0,0,1.760446072,9.170235978,9.170235978,0.325989986,,,,
1971,177,23,0,0,1.419691032,8.552163366,8.552163366,0.340917882,,,,
1971,178,0,0,0,6.176176472,6.55184078,6.55184078,0.22989564,,,,
1971,178,1,0,0,5.284275386,4.598484834,4.598484834,0.042338829,,,,
1971,178,2,0,0,3.923049514,4.658908355,4.658908355,0.031013824,,,,
1971,178,3,0,0,3.428826299,4.020872751,4.020872751,0.044384067,,,,
1971,178,4,0,0,2.409051399,1.134539229,1.134539229,0.099682775,,,,
1971,178,5,0,0,2.25753469,4.00467976,4.00467976,0.049621104,,,,
1971,178,6,47.89800453,0,2.751043511,12.2829959,12.2829959,0.2482886,,,,
1971,178,7,101.3031158,0,1.956294508,12.43306289,12.43306289,0.140443843,,,,
1971,178,8,65.74808502,0.184925471,1.495529799,15.90367016,15.90367016,0.565410823,,,,
1971,178,9,87.11538696,0.264179244,1.459522736,17.01247888,17.01247888,0.7126327,,,,
1971,178,10,103.9602711,0,0.953481654,16.88681269,16.88681269,0.747536169,,,,
1971,178,11,856.2188721,0,1.620592941,19.24899231,19.24899231,1.29509053,,,,
1971,178,12,957.288124,0,1.862153381,18.47005083,18.47005083,1.340753423,,,,
1971,178,13,958.8893217,0,1.782981185,19.4020516,19.4020516,1.456852811,,,,
1971,178,14,896.7393494,0,1.528070875,17.53058085,17.53058085,1.091986004,,,,
1971,178,15,787.8538513,0,1.031332001,18.31848157,18.31848157,1.159577012,,,,
1971,178,16,636.7630408,0,0.919049053,14.80310446,14.80310446,0.608051408,,,,
1971,178,17,440.8616638,0,1.466751019,15.03263023,15.03263023,0.595430993,,,,
1971,178,18,136.0491714,0,1.032221299,15.67016557,15.67016557,0.63290325,,,,
1971,178,19,98.09394073,0,0.724598584,12.60617644,12.60617644,0.385038191,,,,
1971,178,20,0,0,0.077794322,12.74819436,12.74819436,0.568632505,,,,
1971,178,21,0,0,0.01,9.17612492,9.17612492,0.502004176,,,,
1971,178,22,0,0,0.01,7.104798901,7.104798901,0.232036304,,,,
1971,178,23,0,0,0.01,7.31109362,7.31109362,0.143869449,,,,
1971,179,0,0,0,0.01,5.909398762,5.909398762,0.135704213,,,,
1971,179,1,0,0,2.076989143,6.229773075,6.229773075,0.235805189,,,,
1971,179,2,0,0,2.496210436,6.090733667,6.090733667,0.255946612,,,,
1971,179,3,0,0,4.412149644,5.587336678,5.587336678,0.435149234,,,,
1971,179,4,0,0,3.682599876,6.662337856,6.662337856,0.612103153,,,,
1971,179,5,0,0,2.682911054,10.01970088,10.01970088,0.75038787,,,,
1971,179,6,88.06411414,0,2.713322305,13.20483642,13.20483642,0.807461049,,,,
1971,179,7,189.5506287,0,2.504879173,16.14105011,16.14105011,1.157295287,,,,
1971,179,8,436.4141846,0,2.598067474,22.52164858,22.52164858,2.251035927,,,,
1971,179,9,652.8330536,0,2.278802536,23.95228069,23.95228069,2.66917156,,,,
1971,179,10,129.2826347,0,2.147477591,22.5570884,22.5570884,2.497496652,,,,
1971,179,11,123.7052736,0,2.028489752,23.33268272,23.33268272,2.63134677,,,,
1971,179,12,910.0412903,0,3.465997821,24.60047371,24.60047371,2.857228231,,,,
1971,179,13,989.0858884,0,4.221264247,23.06984858,23.06984858,2.506290111,,,,
1971,179,14,945.3346615,0,4.488361295,23.62409559,23.62409559,2.709296479,,,,
1971,179,15,325.34198,0,2.944420844,18.0160022,18.0160022,1.384808501,,,,
1971,179,16,360.8560944,0,1.77899714,17.26283686,17.26283686,1.180180291,,,,
1971,179,17,92.18400192,0,1.026736467,15.00150024,15.00150024,0.718484817,,,,
1971,179,18,44.94175613,0,1.03343268,14.30786963,14.30786963,0.702648009,,,,
1971,179,19,70.69729424,0,2.316970967,13.77265176,13.77265176,0.458145956,,,,
1971,179,20,0,0,1.486984274,13.01561545,13.01561545,0.464676085,,,,
1971,179,21,0,0,0.833494466,11.60138989,11.60138989,0.429901818,,,,
1971,179,22,0,0,0.391984872,8.79615338,8.79615338,0.271889248,,,,
1971,179,23,0,0,0.033568447,5.817641219,5.817641219,0.169404733,,,,
1971,180,0,0,0,0.654703535,5.126377932,5.126377932,0.299919327,,,,
1971,180,1,0,0,0.772298421,5.368959702,5.368959702,0.336474712,,,,
1971,180,2,0,0,0.676095039,4.87600867,4.87600867,0.377172161,,,,
1971,180,3,0,0,2.544314504,7.177193443,7.177193443,0.40345758,,,,
1971,180,4,0,0,2.102077309,6.775573057,6.775573057,0.635422275,,,,
1971,180,5,0,0,1.753176364,9.616432614,9.616432614,0.67264599,,,,
1971,180,6,88.45369391,0,1.985201858,9.287735218,9.287735218,0.575752342,,,,
1971,180,7,254.8974717,0,1.507112132,14.96157852,14.96157852,1.002928588,,,,
1971,180,8,445.6737765,0,1.372403664,17.80991854,17.80991854,1.189894826,,,,
1971,180,9,635.9082625,0,1.542269677,21.74387994,21.74387994,1.917651781,,,,
1971,180,10,749.4425049,0,1.463727004,24.19857908,24.19857908,2.468578862,,,,
1971,180,11,183.4735641,0,0.912631253,22.79191896,22.79191896,2.098814404,,,,
1971,180,12,786.5638123,0,0.714437198,22.50549637,22.50549637,1.886209963,,,,
1971,180,13,815.1460571,0,1.06692138,23.24428583,23.24428583,2.46877235,,,,
1971,180,14,881.0408936,0,4.51397561,23.07284948,23.07284948,2.440865903,,,,
1971,180,15,805.5226194,0,3.563065402,21.02650917,21.02650917,1.886078993,,,,
1971,180,16,455.2345734,0,2.641077195,18.97301168,18.97301168,1.658339942,,,,
1971,180,17,181.459877,0,3.013726835,20.79218783,20.79218783,1.991399545,,,,
1971,180,18,47.22744715,0,1.740209573,19.61748899,19.61748899,1.797862344,,,,
1971,180,19,100.9245052,0,1.005615874,20.12956872,20.12956872,1.865070828,,,,
1971,180,20,0,0,1.004499845,16.27817354,16.27817354,1.451306091,,,,
1971,180,21,0,0,0.688375932,14.35285619,14.35285619,1.332425947,,,,
1971,180,22,0,0,4.068510053,8.051935238,8.051935238,0.842892783,,,,
1971,180,23,0,0,3.25907836,7.733963386,7.733963386,0.717212521,,,,
1971,181,0,0,0,2.622141898,5.924207158,5.924207158,0.929214282,,,,
1971,181,1,0,0,1.969044061,5.086949733,5.086949733,0.834353313,,,,
1971,181,2,0,0,1.351119468,1.052916477,1.052916477,0.658221603,,,,
1971,181,3,0,0,1.143113691,1.414148372,1.414148372,0.675598442,,,,
1971,181,4,0,0,2.491684585,5.715923433,5.715923433,0.749704148,,,,
1971,181,5,0,0,2.144420686,8.974391708,8.974391708,0.412650651,,,,
1971,181,6,59.4288044,0,2.255785576,13.8025331,13.8025331,0.679305586,,,,
1971,181,7,211.3352509,0,3.388608301,21.56550752,21.56550752,1.739170481,,,,
1971,181,8,294.5027008,0,2.9577377,27.08440468,27.08440468,3.193802799,,,,
1971,181,9,453.0481567,0,2.368284815,30.51994293,30.51994293,4.370257989,,,,
1971,181,10,738.2324219,0,2.077513501,31.60818879,31.60818879,4.649507824,,,,
1971,181,11,922.2236938,0,2.216993586,33.65440413,33.65440413,5.216755685,,,,
1971,181,12,1068.313171,0,2.107728795,30.79334745,30.79334745,4.439006964,,,,
1971,181,13,713.0774536,0,1.872872884,24.98715232,24.98715232,2.76133789,,,,
1971,181,14,807.0607605,0,2.876451816,21.29870875,21.29870875,1.848558694,,,,
1971,181,15,796.5441734,0,3.212147742,21.51063189,21.51063189,1.77209932,,,,
1971,181,16,642.4303084,0,3.532294921,19.85020632,19.85020632,1.462774438,,,,
1971,181,17,460.3699192,0,3.652559352,17.26422645,17.26422645,1.142981236,,,,
1971,181,18,108.698967,0,2.549299918,12.83660414,12.83660414,0.759334551,,,,
1971,181,19,35.7078042,0,1.937148372,10.14312964,10.14312964,0.616867154,,,,
1971,181,20,0,0,1.029805626,10.34894755,10.34894755,0.731581133,,,,
1971,181,21,0,0,0.763043024,7.64769591,7.64769591,0.574810072,,,,
1971,181,22,0,0,2.116663877,5.567458077,5.567458077,0.495581437,,,,
1971,181,23,0,0,6.05208878,7.782799506,7.782799506,0.52763137,,,,
1971,182,0,0,0,8.920979687,6.229566067,6.229566067,0.450078939,,,,
1971,182,1,0,0,6.882087821,6.034457949,6.034457949,0.560664309,,,,
1971,182,2,0,0,5.351792479,11.70329694,11.70329694,0.518625887,,,,
1971,182,3,0,0,4.007149859,9.388616197,9.388616197,0.37317937,,,,
1971,182,4,0,0,2.913462254,11.71749887,11.71749887,0.682466307,,,,
1971,182,5,0,0,2.312683577,13.83845834,13.83845834,0.787088243,,,,
1971,182,6,85.69592929,0,5.259211584,18.65244097,18.65244097,1.295863165,,,,
1971,182,7,259.1150553,0,4.899227693,21.91661021,21.91661021,2.187688358,,,,
1971,182,8,144.2280312,0,3.758846627,25.47175043,25.47175043,3.021238105,,,,
1971,182,9,652.7949371,0,3.345305689,29.67955977,29.67955977,4.1646994,,,,
1971,182,10,888.0331134,0,3.368865015,29.37998921,29.37998921,4.093484694,,,,
1971,182,11,618.1201782,0,2.740399817,29.43974387,29.43974387,4.021636315,,,,
1971,182,12,245.6483459,0,1.558816986,29.71860504,29.71860504,4.025344645,,,,
1971,182,13,396.4935303,0,0.964257165,27.52175357,27.52175357,3.320719471,,,,
1971,182,14,439.9073792,0,0.720513966,23.72382233,23.72382233,2.382453638,,,,
1971,182,15,759.6715088,0,2.829843278,21.80081262,21.80081262,1.934488733,,,,
1971,182,16,647.7880249,0,2.269653394,20.07175773,20.07175773,1.807025561,,,,
1971,182,17,450.9645081,0,1.614327025,20.34915757,20.34915757,1.795881748,,,,
1971,182,18,270.6183624,0,1.163329245,22.74519881,22.74519881,2.187025372,,,,
1971,182,19,97.70447812,0,0.334347259,18.50118251,18.50118251,1.506972012,,,,
1971,182,20,0,0,0.01,15.58107838,15.58107838,1.16039076,,,,
1971,182,21,0,0,0.01,14.56841237,14.56841237,0.954782572,,,,
1971,182,22,0,0,0.671776077,15.68337262,15.68337262,0.82236309,,,,
1971,182,23,0,0,1.9229257,14.39345837,14.39345837,0.723905598,,,,
1971,183,0,0,0,1.900466748,14.60330376,14.60330376,0.628801608,,,,
1971,183,1,0,0,1.201434629,14.38167809,14.38167809,0.404033348,,,,
1971,183,2,0,0,2.448810151,15.52566856,15.52566856,0.582138814,,,,
1971,183,3,0,0,2.940826107,12.3287472,12.3287472,0.363921028,,,,
1971,183,4,0,0,3.860274986,9.562938012,9.562938012,0.338277556,,,,
1971,183,5,0,0,2.860076177,11.88953587,11.88953587,0.559146386,,,,
1971,183,6,15.00599812,0,2.867445288,14.10577229,14.10577229,0.763071896,,,,
1971,183,7,42.83759797,0,2.401557964,14.7739667,14.7739667,1.022075726,,,,
1971,183,8,67.20594937,0,1.646143419,17.96080289,17.96080289,1.410401137,,,,
1971,183,9,323.2276917,0,1.595929377,19.8524097,19.8524097,1.586064983,,,,
1971,183,10,709.9400024,0,1.946377499,20.25854287,20.25854287,1.608105659,,,,
1971,183,11,116.6125422,0.257419268,3.818929634,18.10655881,18.10655881,1.252770953,,,,
1971,183,12,122.2538481,0.386128902,8.744302319,15.55072383,15.55072383,0.879224913,,,,
1971,183,13,124.0733749,0,6.542175044,13.66632226,13.66632226,0.998450618,,,,
1971,183,14,118.3590481,0.539751267,5.072626627,13.37795337,13.37795337,0.933894236,,,,
1971,183,15,107.806244,0,4.114435746,13.31156736,13.31156736,1.045063808,,,,
1971,183,16,91.14546967,4.540717065,3.451714794,12.73351149,12.73351149,0.979119136,,,,
1971,183,17,73.5319047,0,3.548248558,12.3587149,12.3587149,0.83089814,,,,
1971,183,18,112.0546265,0,2.586518344,8.696586653,8.696586653,0.572782408,,,,
1971,183,19,32.73611832,0,2.147438681,10.07319164,10.07319164,0.478160586,,,,
1971,183,20,0,2.854473869,2.153616397,7.759782082,7.759782082,0.668304468,,,,
1971,183,21,0,2.042322395,1.300490938,7.79679383,7.79679383,0.749561245,,,,
1971,183,22,0,3.187019804,2.367869252,10.52218088,10.52218088,0.967727112,,,,
1971,183,23,0,0,1.647326977,9.785143514,9.785143514,0.707995613,,,,
1971,184,0,0,0,0.961943148,9.511762247,9.511762247,0.747383963,,,,
1971,184,1,0,0,6.079810406,11.21016644,11.21016644,0.82895313,,,,
1971,184,2,0,0,4.786385838,10.09353427,10.09353427,0.827764014,,,,
1971,184,3,0,0,7.408136888,9.856390521,9.856390521,0.718238822,,,,
1971,184,4,0,4.396979383,6.654068999,7.112771471,7.112771471,0.363036297,,,,
1971,184,5,0,0,5.021093774,7.048199039,7.048199039,0.393935186,,,,
1971,184,6,15.60882568,13.54576337,5.795897392,9.851485383,9.851485383,0.834263984,,,,
1971,184,7,42.56054688,0.212521462,5.956439827,12.96885015,12.96885015,1.145267923,,,,
1971,184,8,83.35513496,0,5.45369851,15.28038197,15.28038197,1.141204346,,,,
1971,184,9,550.1337585,0,4.564115983,20.08057304,20.08057304,1.678502787,,,,
1971,184,10,788.2512241,0,7.172014001,18.94016916,18.94016916,1.481463732,,,,
1971,184,11,494.7870178,0,5.730174369,21.58276573,21.58276573,1.853175429,,,,
1971,184,12,941.7966614,0,4.937206274,19.67681715,19.67681715,1.300441644,,,,
1971,184,13,940.9566101,0,4.828477941,18.23548205,18.23548205,0.944250021,,,,
1971,184,14,884.3089714,0,4.150680136,18.01949407,18.01949407,0.829483718,,,,
1971,184,15,243.1430969,0,2.774574489,15.35436977,15.35436977,0.416647637,,,,
1971,184,16,214.4008408,0,2.177603283,15.2720323,15.2720323,0.549485026,,,,
1971,184,17,446.6915894,0,1.510243656,17.90611994,17.90611994,0.874095944,,,,
1971,184,18,261.2536947,0,4.247318101,17.35192056,17.35192056,0.967441646,,,,
1971,184,19,93.49437284,0,3.151530095,13.94155384,13.94155384,0.535847924,,,,
1971,184,20,0,0,2.064667372,10.58597291,10.58597291,0.391140988,,,,
1971,184,21,0,0,1.298124621,8.004963718,8.004963718,0.443599643,,,,
1971,184,22,0,0,0.860861043,12.55058543,12.55058543,0.814631049,,,,
1971,184,23,0,0,1.16756098,11.48928202,11.48928202,0.754201557,,,,
1971,185,0,0,0.826585045,0.561738508,13.72831699,13.72831699,0.81148674,,,,
1971,185,1,0,0.907135672,0.115260093,14.58402335,14.58402335,0.622982518,,,,
1971,185,2,0,3.084261286,1.196505649,15.42761496,15.42761496,0.906716875,,,,
1971,185,3,0,0,4.175671202,17.59088587,17.59088587,1.276095187,,,,
1971,185,4,0,0,3.271663328,15.69397,15.69397,0.906991742,,,,
1971,185,5,0,0,2.839171454,17.15527411,17.15527411,0.95866696,,,,
1971,185,6,58.05332756,0,2.390965994,23.26042138,23.26042138,1.910019092,,,,
1971,185,7,257.0247345,0,1.8122493,28.33406755,28.33406755,3.364042199,,,,
1971,185,8,510.2446148,0,1.5642602,31.94073159,31.94073159,4.73787419,,,,
1971,185,9,715.553506,0,1.483208063,32.59864697,32.59864697,4.917007231,,,,
1971,185,10,885.949503,0,1.41795985,33.57317195,33.57317195,5.193142471,,,,
1971,185,11,116.4003068,0,1.74966244,28.78971574,28.78971574,3.095202929,,,,
1971,185,12,124.5062908,0,0.681294229,28.95862828,28.95862828,3.282215795,,,,
1971,185,13,763.7301025,0,1.977539458,29.17523053,29.17523053,3.425316193,,,,
1971,185,14,539.480835,0,3.649067821,23.85060095,23.85060095,1.685713375,,,,
1971,185,15,168.8973465,0,2.614013956,20.67980396,20.67980396,1.075096191,,,,
1971,185,16,407.2262573,0,2.004134045,16.32102068,16.32102068,0.417978141,,,,
1971,185,17,440.9234619,0,1.464760214,15.54173959,15.54173959,0.256451688,,,,
1971,185,18,41.59896088,0.331739163,0.774223793,14.06039938,14.06039938,0.156152602,,,,
1971,185,19,16.32237124,0,0.38604664,14.57001232,14.57001232,0.482087293,,,,
1971,185,20,0,0,0.01,15.33647549,15.33647549,0.521676412,,,,
1971,185,21,0,0,0.01,13.45943986,13.45943986,0.28074252,,,,
1971,185,22,0,0,0.01,13.6580129,13.6580129,0.312424688,,,,
1971,185,23,0,0,1.182811984,11.52412541,11.52412541,0.232931178,,,,
1971,186,0,0,0,0.581371848,11.94292117,11.94292117,0.295485012,,,,
1971,186,1,0,0,3.075479715,13.69998027,13.69998027,0.345521284,,,,
1971,186,2,0,0,4.351352743,11.04397893,11.04397893,0,,,,
1971,186,3,0,0,3.778549843,11.35832048,11.35832048,0.250772603,,,,
1971,186,4,0,0,2.684226659,13.5459829,13.5459829,0.404646677,,,,
1971,186,5,0,0,2.619749457,14.14300991,14.14300991,0.448485915,,,,
1971,186,6,14.11623383,0,1.755722415,17.76713446,17.76713446,0.695419262,,,,
1971,186,7,40.30479082,0,1.16375779,22.47955996,22.47955996,1.693080917,,,,
1971,186,8,66.75968224,0,2.772722527,23.85073109,23.85073109,2.092958244,,,,
1971,186,9,380.8010559,0,2.650970783,30.96214507,30.96214507,4.306457791,,,,
1971,186,10,288.6381073,0,9.611519524,29.58682485,29.58682485,3.801238878,,,,
1971,186,11,691.7111206,0,8.013867266,30.28469156,30.28469156,4.091326254,,,,
1971,186,12,963.2645569,0,6.876310417,28.27171772,28.27171772,3.405679026,,,,
1971,186,13,902.6632996,0,5.794221056,29.56179323,29.56179323,3.756434112,,,,
1971,186,14,565.2200623,0,4.323177708,29.78776791,29.78776791,3.887620053,,,,
1971,186,15,490.9263763,0,3.308030584,28.90580295,28.90580295,3.672579624,,,,
1971,186,16,247.6584015,0,2.251491014,28.69932353,28.69932353,3.680682358,,,,
1971,186,17,216.256897,0,1.945978819,24.82801301,24.82801301,2.556330195,,,,
1971,186,18,249.0770721,0,3.572448341,20.87636786,20.87636786,1.554827868,,,,
1971,186,19,92.87363355,0,3.270339166,18.06042973,18.06042973,1.163616287,,,,
1971,186,20,0,0,2.861373102,15.66631637,15.66631637,0.935269238,,,,
1971,186,21,0,0,2.941465255,11.14401283,11.14401283,0.869203934,,,,
1971,186,22,0,0,2.280739731,9.801613626,9.801613626,0.759321005,,,,
1971,186,23,0,0,1.540151566,8.429637517,8.429637517,0.871151204,,,,
1971,187,0,0,0,1.880025909,6.876846802,6.876846802,0.837036167,,,,
1971,187,1,0,0,1.392825632,10.49821943,10.49821943,0.960231556,,,,
1971,187,2,0,0,2.198418725,8.984269503,8.984269503,1.073231923,,,,
1971,187,3,0,0,1.395471264,5.844407136,5.844407136,0.79511491,,,,
1971,187,4,0,0,0.754904702,5.270748129,5.270748129,0.887935492,,,,
1971,187,5,0,0,0.292323548,9.090433483,9.090433483,0.786009439,,,,
1971,187,6,84.87150383,0,0.290263701,18.2736906,18.2736906,1.611357703,,,,
1971,187,7,261.8137658,0,0.014928208,22.56378085,22.56378085,2.507477051,,,,
1971,187,8,507.6724548,0,0.218634836,27.70984174,27.70984174,3.715537577,,,,
1971,187,9,131.6936665,0,0.01,25.09601853,25.09601853,3.107373154,,,,
1971,187,10,124.4961247,0,3.782610593,25.91599582,25.91599582,3.343783992,,,,
1971,187,11,126.7034624,0,2.778286818,21.66234544,21.66234544,2.553180554,,,,
1971,187,12,1006.930237,0,3.613437641,21.62815501,21.62815501,2.474370441,,,,
1971,187,13,970.5849304,0,5.58108735,19.30270615,19.30270615,1.791355238,,,,
1971,187,14,806.8021545,0,4.750867213,21.45553918,21.45553918,1.667804111,,,,
1971,187,15,770.7515717,0,4.226392085,21.55179206,21.55179206,1.566345889,,,,
1971,187,16,614.7658997,0,3.306023455,18.04878212,18.04878212,0.948612473,,,,
1971,187,17,446.703949,0,3.321705028,18.80942765,18.80942765,1.016179575,,,,
1971,187,18,257.906691,0,9.055158295,19.53786893,19.53786893,1.224371565,,,,
1971,187,19,81.20012856,0,7.006426194,15.59502314,15.59502314,0.687691907,,,,
1971,187,20,0,0,6.588175156,10.89972453,10.89972453,0.467911193,,,,
1971,187,21,0,0,4.929846417,9.381089533,9.381089533,0.378994805,,,,
1971,187,22,0,0,4.673605363,8.443771306,8.443771306,0.202410573,,,,
1971,187,23,0,0,3.550155457,10.73155506,10.73155506,0.304306876,,,,
1971,188,0,0,0,3.535445898,11.47646407,11.47646407,0.322317203,,,,
1971,188,1,0,0,2.557009116,10.81875665,10.81875665,0.357181105,,,,
1971,188,2,0,0,2.407747947,11.24632919,11.24632919,0.301677652,,,,
1971,188,3,0,0,1.569936561,10.28380054,10.28380054,0.222319848,,,,
1971,188,4,0,0,0.965159486,10.200606,10.200606,0.462138978,,,,
1971,188,5,0,0,0.402601446,12.03793507,12.03793507,0.517926348,,,,
1971,188,6,58.37607098,0,0.908290883,16.27364155,16.27364155,1.133157221,,,,
1971,188,7,179.8607635,0,1.651534828,22.36042532,22.36042532,2.182936316,,,,
1971,188,8,138.9614716,0,1.282779627,23.86968854,23.86968854,2.49904004,,,,
1971,188,9,303.5238037,0,2.285190294,28.43669225,28.43669225,3.876112398,,,,
1971,188,10,338.209549,0,1.981413842,27.35018351,27.35018351,3.443087464,,,,
1971,188,11,310.5891113,0,1.408190185,24.45785478,24.45785478,2.634632744,,,,
1971,188,12,819.4305725,0,2.691518056,22.72015323,22.72015323,2.236662311,,,,
1971,188,13,444.6500702,0,2.347717662,20.09606078,20.09606078,1.614903025,,,,
1971,188,14,117.1863948,0.464378794,1.647651953,19.76006269,19.76006269,1.534918394,,,,
1971,188,15,107.1017915,0.761705686,0.677383264,17.33703608,17.33703608,1.441094727,,,,
1971,188,16,90.38892151,0,0.17851411,15.32532411,15.32532411,1.19145707,,,,